section,diagnostic,term,label,value,n_observations,n_reefs,note,full_value,subset_value
VIF,Main recurrence model,C(event_type)[T.Heatwave_Only],C(event_type)[T.Heatwave_Only],10.790811334646015,525,92,,,
VIF,Main recurrence model,C(event_type)[T.Storm_Only],C(event_type)[T.Storm_Only],5.835721870004985,525,92,,,
VIF,Main recurrence model,baseline_hc_z,Baseline hard-coral cover,1.036639109642331,525,92,,,
VIF,Main recurrence model,recent_max_dhw_z,Event-year maximum DHW,3.683632244239488,525,92,,,
VIF,Main recurrence model,recent_max_wind_z,Event-year maximum wind speed,7.996755921699441,525,92,,,
VIF,Main recurrence model,heatwave_years_5yr_z,5-year heatwave years,1.9931915270304443,525,92,,,
VIF,Main recurrence model,storm_years_5yr_z,5-year storm years,1.2413701555326966,525,92,,,
VIF,Main recurrence model,yrs_since_last_dist_z,Time since the most recent disturbance,2.030178444428479,525,92,,,
Ecological-sample representativeness,Baseline total algae available,sample_size,Sample size retained,0.8495238095238096,446,88,Value is retained fraction of full event-year matrix.,,
Ecological-sample representativeness,Baseline total algae available,baseline_hc,Baseline hard-coral cover,-0.007571466943049468,446,88,Value is standardized mean difference; positive values indicate higher mean in the subset.,25.171889343538023,25.071342980127742
Ecological-sample representativeness,Baseline total algae available,loss_abs,Absolute hard-coral cover loss,-0.0009681702391952621,446,88,Value is standardized mean difference; positive values indicate higher mean in the subset.,4.372771266051399,4.361346875462783
Ecological-sample representativeness,Baseline total algae available,recent_max_dhw,Event-year maximum DHW,0.0424046572553126,446,88,Value is standardized mean difference; positive values indicate higher mean in the subset.,4.724914285714285,4.863452914798206
Ecological-sample representativeness,Baseline total algae available,recent_max_wind,Event-year maximum wind speed,-0.03181557810061804,446,88,Value is standardized mean difference; positive values indicate higher mean in the subset.,12.346564416928052,11.856333937087083
Ecological-sample representativeness,Baseline total algae available,heatwave_years_5yr,5-year heatwave years,0.04143696710372259,446,88,Value is standardized mean difference; positive values indicate higher mean in the subset.,0.979047619047619,1.0269058295964126
Ecological-sample representativeness,Baseline total algae available,storm_years_5yr,5-year storm years,-0.005262891595655545,446,88,Value is standardized mean difference; positive values indicate higher mean in the subset.,0.30095238095238097,0.2982062780269058
Ecological-sample representativeness,Baseline total algae available,cumulative_dhw_5yr,5-year cumulative DHW,0.058047624383404765,446,88,Value is standardized mean difference; positive values indicate higher mean in the subset.,10.003161904761905,10.441816143497759
Ecological-sample representativeness,Baseline total algae available,cumulative_wind_5yr,5-year cumulative wind,0.004399508496848201,446,88,Value is standardized mean difference; positive values indicate higher mean in the subset.,8.479800653016884,8.547950938202025
Ecological-sample representativeness,Baseline total algae available,event_year,Study event year,0.19642007347009216,446,88,Value is standardized mean difference; positive values indicate higher mean in the subset.,2014.7733333333333,2016.5089686098654
Ecological-sample representativeness,Baseline total algae available,event_type=Concurrent,Study event type: Concurrent,0.00621396540679052,446,88,Value is subset proportion minus full-sample proportion.,0.08571428571428572,0.09192825112107623
Ecological-sample representativeness,Baseline total algae available,event_type=Heatwave_Only,Study event type: Heatwave_Only,0.025321375186845962,446,88,Value is subset proportion minus full-sample proportion.,0.5733333333333334,0.5986547085201793
Ecological-sample representativeness,Baseline total algae available,event_type=Storm_Only,Study event type: Storm_Only,-0.03153534059363655,446,88,Value is subset proportion minus full-sample proportion.,0.34095238095238095,0.3094170403587444
Ecological-sample representativeness,Baseline total algae available,sector=Central,GBR sector: Central,-0.037817638266068765,446,88,Value is subset proportion minus full-sample proportion.,0.5333333333333333,0.49551569506726456
Ecological-sample representativeness,Baseline total algae available,sector=North,GBR sector: North,-0.0027546444586803304,446,88,Value is subset proportion minus full-sample proportion.,0.08571428571428572,0.08295964125560538
Ecological-sample representativeness,Baseline total algae available,sector=North-Central,GBR sector: North-Central,0.011253469997864612,446,88,Value is subset proportion minus full-sample proportion.,0.0761904761904762,0.08744394618834081
Ecological-sample representativeness,Baseline total algae available,sector=South,GBR sector: South,0.02931881272688447,446,88,Value is subset proportion minus full-sample proportion.,0.3047619047619048,0.33408071748878926
Ecological-sample representativeness,Baseline juvenile density available,sample_size,Sample size retained,0.780952380952381,410,91,Value is retained fraction of full event-year matrix.,,
Ecological-sample representativeness,Baseline juvenile density available,baseline_hc,Baseline hard-coral cover,-0.05253213237521729,410,91,Value is standardized mean difference; positive values indicate higher mean in the subset.,25.171889343538023,24.476801396110822
Ecological-sample representativeness,Baseline juvenile density available,loss_abs,Absolute hard-coral cover loss,-0.027105436183495382,410,91,Value is standardized mean difference; positive values indicate higher mean in the subset.,4.372771266051399,4.056137407203991
Ecological-sample representativeness,Baseline juvenile density available,recent_max_dhw,Event-year maximum DHW,0.21776416363387102,410,91,Value is standardized mean difference; positive values indicate higher mean in the subset.,4.724914285714285,5.416048780487805
Ecological-sample representativeness,Baseline juvenile density available,recent_max_wind,Event-year maximum wind speed,-0.09854228538668713,410,91,Value is standardized mean difference; positive values indicate higher mean in the subset.,12.346564416928052,10.81187846157757
Ecological-sample representativeness,Baseline juvenile density available,heatwave_years_5yr,5-year heatwave years,0.1791250359970315,410,91,Value is standardized mean difference; positive values indicate higher mean in the subset.,0.979047619047619,1.1878048780487804
Ecological-sample representativeness,Baseline juvenile density available,storm_years_5yr,5-year storm years,0.030403948292449728,410,91,Value is standardized mean difference; positive values indicate higher mean in the subset.,0.30095238095238097,0.3170731707317073
Ecological-sample representativeness,Baseline juvenile density available,cumulative_dhw_5yr,5-year cumulative DHW,0.20822469535643404,410,91,Value is standardized mean difference; positive values indicate higher mean in the subset.,10.003161904761905,11.59729268292683
Ecological-sample representativeness,Baseline juvenile density available,cumulative_wind_5yr,5-year cumulative wind,0.04988975233455868,410,91,Value is standardized mean difference; positive values indicate higher mean in the subset.,8.479800653016884,9.27070442420259
Ecological-sample representativeness,Baseline juvenile density available,event_year,Study event year,0.4995308495447129,410,91,Value is standardized mean difference; positive values indicate higher mean in the subset.,2014.7733333333333,2018.6829268292684
Ecological-sample representativeness,Baseline juvenile density available,event_type=Concurrent,Study event type: Concurrent,0.02160278745644599,410,91,Value is subset proportion minus full-sample proportion.,0.08571428571428572,0.1073170731707317
Ecological-sample representativeness,Baseline juvenile density available,event_type=Heatwave_Only,Study event type: Heatwave_Only,0.08276422764227642,410,91,Value is subset proportion minus full-sample proportion.,0.5733333333333334,0.6560975609756098
Ecological-sample representativeness,Baseline juvenile density available,event_type=Storm_Only,Study event type: Storm_Only,-0.10436701509872243,410,91,Value is subset proportion minus full-sample proportion.,0.34095238095238095,0.23658536585365852
Ecological-sample representativeness,Baseline juvenile density available,sector=Central,GBR sector: Central,-0.03089430894308942,410,91,Value is subset proportion minus full-sample proportion.,0.5333333333333333,0.5024390243902439
Ecological-sample representativeness,Baseline juvenile density available,sector=North,GBR sector: North,0.004529616724738672,410,91,Value is subset proportion minus full-sample proportion.,0.08571428571428572,0.09024390243902439
Ecological-sample representativeness,Baseline juvenile density available,sector=North-Central,GBR sector: North-Central,0.016492450638792094,410,91,Value is subset proportion minus full-sample proportion.,0.0761904761904762,0.09268292682926829
Ecological-sample representativeness,Baseline juvenile density available,sector=South,GBR sector: South,0.009872241579558627,410,91,Value is subset proportion minus full-sample proportion.,0.3047619047619048,0.3146341463414634
Ecological-sample representativeness,Baseline macroalgae available,sample_size,Sample size retained,0.8609523809523809,452,89,Value is retained fraction of full event-year matrix.,,
Ecological-sample representativeness,Baseline macroalgae available,baseline_hc,Baseline hard-coral cover,-0.006792871366526943,452,89,Value is standardized mean difference; positive values indicate higher mean in the subset.,25.171889343538023,25.081787725953586
Ecological-sample representativeness,Baseline macroalgae available,loss_abs,Absolute hard-coral cover loss,-0.0014502419321307087,452,89,Value is standardized mean difference; positive values indicate higher mean in the subset.,4.372771266051399,4.3556514996495705
Ecological-sample representativeness,Baseline macroalgae available,recent_max_dhw,Event-year maximum DHW,0.04420735112677589,452,89,Value is standardized mean difference; positive values indicate higher mean in the subset.,4.724914285714285,4.8691150442477875
Ecological-sample representativeness,Baseline macroalgae available,recent_max_wind,Event-year maximum wind speed,-0.03613327156969469,452,89,Value is standardized mean difference; positive values indicate higher mean in the subset.,12.346564416928052,11.789658858276189
Ecological-sample representativeness,Baseline macroalgae available,heatwave_years_5yr,5-year heatwave years,0.04496400650787215,452,89,Value is standardized mean difference; positive values indicate higher mean in the subset.,0.979047619047619,1.0309734513274336
Ecological-sample representativeness,Baseline macroalgae available,storm_years_5yr,5-year storm years,-0.00012919240572190522,452,89,Value is standardized mean difference; positive values indicate higher mean in the subset.,0.30095238095238097,0.3008849557522124
Ecological-sample representativeness,Baseline macroalgae available,cumulative_dhw_5yr,5-year cumulative DHW,0.059530662265305824,452,89,Value is standardized mean difference; positive values indicate higher mean in the subset.,10.003161904761905,10.452101769911506
Ecological-sample representativeness,Baseline macroalgae available,cumulative_wind_5yr,5-year cumulative wind,0.006717196367500263,452,89,Value is standardized mean difference; positive values indicate higher mean in the subset.,8.479800653016884,8.583692925748016
Ecological-sample representativeness,Baseline macroalgae available,event_year,Study event year,0.20163300218220967,452,89,Value is standardized mean difference; positive values indicate higher mean in the subset.,2014.7733333333333,2016.5530973451328
Ecological-sample representativeness,Baseline macroalgae available,event_type=Concurrent,Study event type: Concurrent,0.004993678887484199,452,89,Value is subset proportion minus full-sample proportion.,0.08571428571428572,0.09070796460176991
Ecological-sample representativeness,Baseline macroalgae available,event_type=Heatwave_Only,Study event type: Heatwave_Only,0.028436578171091464,452,89,Value is subset proportion minus full-sample proportion.,0.5733333333333334,0.6017699115044248
Ecological-sample representativeness,Baseline macroalgae available,event_type=Storm_Only,Study event type: Storm_Only,-0.03343025705857566,452,89,Value is subset proportion minus full-sample proportion.,0.34095238095238095,0.3075221238938053
Ecological-sample representativeness,Baseline macroalgae available,sector=Central,GBR sector: Central,-0.031120943952802405,452,89,Value is subset proportion minus full-sample proportion.,0.5333333333333333,0.5022123893805309
Ecological-sample representativeness,Baseline macroalgae available,sector=North,GBR sector: North,-0.003855878634639695,452,89,Value is subset proportion minus full-sample proportion.,0.08571428571428572,0.08185840707964602
Ecological-sample representativeness,Baseline macroalgae available,sector=North-Central,GBR sector: North-Central,0.010092709650231763,452,89,Value is subset proportion minus full-sample proportion.,0.0761904761904762,0.08628318584070796
Ecological-sample representativeness,Baseline macroalgae available,sector=South,GBR sector: South,0.024884112937210268,452,89,Value is subset proportion minus full-sample proportion.,0.3047619047619048,0.32964601769911506
Ecological-sample representativeness,Baseline herbivorous fish density available,sample_size,Sample size retained,0.8914285714285715,468,92,Value is retained fraction of full event-year matrix.,,
Ecological-sample representativeness,Baseline herbivorous fish density available,baseline_hc,Baseline hard-coral cover,0.020680649250918802,468,92,Value is standardized mean difference; positive values indicate higher mean in the subset.,25.171889343538023,25.447336399214606
Ecological-sample representativeness,Baseline herbivorous fish density available,loss_abs,Absolute hard-coral cover loss,0.009966445696939061,468,92,Value is standardized mean difference; positive values indicate higher mean in the subset.,4.372771266051399,4.489339207143123
Ecological-sample representativeness,Baseline herbivorous fish density available,recent_max_dhw,Event-year maximum DHW,0.09219351665427011,468,92,Value is standardized mean difference; positive values indicate higher mean in the subset.,4.724914285714285,5.025705128205128
Ecological-sample representativeness,Baseline herbivorous fish density available,recent_max_wind,Event-year maximum wind speed,-0.05362718256758923,468,92,Value is standardized mean difference; positive values indicate higher mean in the subset.,12.346564416928052,11.520216518894701
Ecological-sample representativeness,Baseline herbivorous fish density available,heatwave_years_5yr,5-year heatwave years,0.0810461230181476,468,92,Value is standardized mean difference; positive values indicate higher mean in the subset.,0.979047619047619,1.0726495726495726
Ecological-sample representativeness,Baseline herbivorous fish density available,storm_years_5yr,5-year storm years,-0.036408165116425056,468,92,Value is standardized mean difference; positive values indicate higher mean in the subset.,0.30095238095238097,0.28205128205128205
Ecological-sample representativeness,Baseline herbivorous fish density available,cumulative_dhw_5yr,5-year cumulative DHW,0.10796054374758482,468,92,Value is standardized mean difference; positive values indicate higher mean in the subset.,10.003161904761905,10.822094017094019
Ecological-sample representativeness,Baseline herbivorous fish density available,cumulative_wind_5yr,5-year cumulative wind,-0.016980065238799216,468,92,Value is standardized mean difference; positive values indicate higher mean in the subset.,8.479800653016884,8.216914646235264
Ecological-sample representativeness,Baseline herbivorous fish density available,event_year,Study event year,0.23268128963300072,468,92,Value is standardized mean difference; positive values indicate higher mean in the subset.,2014.7733333333333,2016.784188034188
Ecological-sample representativeness,Baseline herbivorous fish density available,event_type=Concurrent,Study event type: Concurrent,0.010439560439560444,468,92,Value is subset proportion minus full-sample proportion.,0.08571428571428572,0.09615384615384616
Ecological-sample representativeness,Baseline herbivorous fish density available,event_type=Heatwave_Only,Study event type: Heatwave_Only,0.03991452991452993,468,92,Value is subset proportion minus full-sample proportion.,0.5733333333333334,0.6132478632478633
Ecological-sample representativeness,Baseline herbivorous fish density available,event_type=Storm_Only,Study event type: Storm_Only,-0.05035409035409033,468,92,Value is subset proportion minus full-sample proportion.,0.34095238095238095,0.2905982905982906
Ecological-sample representativeness,Baseline herbivorous fish density available,sector=Central,GBR sector: Central,0.002991452991452981,468,92,Value is subset proportion minus full-sample proportion.,0.5333333333333333,0.5363247863247863
Ecological-sample representativeness,Baseline herbivorous fish density available,sector=North,GBR sector: North,-0.006654456654456659,468,92,Value is subset proportion minus full-sample proportion.,0.08571428571428572,0.07905982905982906
Ecological-sample representativeness,Baseline herbivorous fish density available,sector=North-Central,GBR sector: North-Central,0.007142857142857131,468,92,Value is subset proportion minus full-sample proportion.,0.0761904761904762,0.08333333333333333
Ecological-sample representativeness,Baseline herbivorous fish density available,sector=South,GBR sector: South,-0.003479853479853523,468,92,Value is subset proportion minus full-sample proportion.,0.3047619047619048,0.30128205128205127
Ecological-sample representativeness,All ecological covariates available,sample_size,Sample size retained,0.7314285714285714,384,87,Value is retained fraction of full event-year matrix.,,
Ecological-sample representativeness,All ecological covariates available,baseline_hc,Baseline hard-coral cover,-0.0670048421279127,384,87,Value is standardized mean difference; positive values indicate higher mean in the subset.,25.171889343538023,24.28941331127339
Ecological-sample representativeness,All ecological covariates available,loss_abs,Absolute hard-coral cover loss,-0.022554270286659583,384,87,Value is standardized mean difference; positive values indicate higher mean in the subset.,4.372771266051399,4.106556504772363
Ecological-sample representativeness,All ecological covariates available,recent_max_dhw,Event-year maximum DHW,0.20105456379770173,384,87,Value is standardized mean difference; positive values indicate higher mean in the subset.,4.724914285714285,5.362838541666666
Ecological-sample representativeness,All ecological covariates available,recent_max_wind,Event-year maximum wind speed,-0.09274130943822037,384,87,Value is standardized mean difference; positive values indicate higher mean in the subset.,12.346564416928052,10.900206053853045
Ecological-sample representativeness,All ecological covariates available,heatwave_years_5yr,5-year heatwave years,0.1586936609369456,384,87,Value is standardized mean difference; positive values indicate higher mean in the subset.,0.979047619047619,1.1640625
Ecological-sample representativeness,All ecological covariates available,storm_years_5yr,5-year storm years,0.036481862165806796,384,87,Value is standardized mean difference; positive values indicate higher mean in the subset.,0.30095238095238097,0.3203125
Ecological-sample representativeness,All ecological covariates available,cumulative_dhw_5yr,5-year cumulative DHW,0.17700712455660583,384,87,Value is standardized mean difference; positive values indicate higher mean in the subset.,10.003161904761905,11.352109375000003
Ecological-sample representativeness,All ecological covariates available,cumulative_wind_5yr,5-year cumulative wind,0.05634383293954468,384,87,Value is standardized mean difference; positive values indicate higher mean in the subset.,8.479800653016884,9.374724525841307
Ecological-sample representativeness,All ecological covariates available,event_year,Study event year,0.5008224917872205,384,87,Value is standardized mean difference; positive values indicate higher mean in the subset.,2014.7733333333333,2018.6927083333333
Ecological-sample representativeness,All ecological covariates available,event_type=Concurrent,Study event type: Concurrent,0.018452380952380956,384,87,Value is subset proportion minus full-sample proportion.,0.08571428571428572,0.10416666666666667
Ecological-sample representativeness,All ecological covariates available,event_type=Heatwave_Only,Study event type: Heatwave_Only,0.08031250000000001,384,87,Value is subset proportion minus full-sample proportion.,0.5733333333333334,0.6536458333333334
Ecological-sample representativeness,All ecological covariates available,event_type=Storm_Only,Study event type: Storm_Only,-0.09876488095238095,384,87,Value is subset proportion minus full-sample proportion.,0.34095238095238095,0.2421875
Ecological-sample representativeness,All ecological covariates available,sector=Central,GBR sector: Central,-0.06458333333333333,384,87,Value is subset proportion minus full-sample proportion.,0.5333333333333333,0.46875
Ecological-sample representativeness,All ecological covariates available,sector=North,GBR sector: North,0.010639880952380956,384,87,Value is subset proportion minus full-sample proportion.,0.08571428571428572,0.09635416666666667
Ecological-sample representativeness,All ecological covariates available,sector=North-Central,GBR sector: North-Central,0.02276785714285713,384,87,Value is subset proportion minus full-sample proportion.,0.0761904761904762,0.09895833333333333
Ecological-sample representativeness,All ecological covariates available,sector=South,GBR sector: South,0.03117559523809521,384,87,Value is subset proportion minus full-sample proportion.,0.3047619047619048,0.3359375
