reef_name,year,storm_track_id,storm_id,storm_name,storm_track_key_type,max_wind_ms,min_dist_km,buff_limit_km,rmax_default_km,decay_exponent,physical_threshold_ms
Agincourt_Reef_No_1,1999,AU199899_09U,AU199899_09U,RONA,DISTURBANCE_ID,19.857384,20.30809921781377,100,45.0,0.8,17.5
Agincourt_Reef_No_1,2014,AU201314_15U,AU201314_15U,ITA,DISTURBANCE_ID,19.80906675466956,94.14167302779596,100,45.0,0.8,17.5
Agincourt_Reef_No_1,2024,AU202324_02U,AU202324_02U,JASPER,DISTURBANCE_ID,18.519840000000002,27.80201971748141,100,45.0,0.8,17.5
Arlington_Reef,1991,AU199091_02U,AU199091_02U,JOY,DISTURBANCE_ID,18.05620861908023,63.6171134523867,100,45.0,0.8,17.5
Arlington_Reef,1999,AU199899_09U,AU199899_09U,RONA,DISTURBANCE_ID,19.857384,44.196225589101665,100,45.0,0.8,17.5
Arlington_Reef,2006,AU200506_15U,AU200506_15U,LARRY,DISTURBANCE_ID,21.634459195193177,88.12801576987441,100,45.0,0.8,17.5
Arlington_Reef,2010,AU200910_07U,AU200910_07U,OLGA,DISTURBANCE_ID,18.519840000000002,28.793612380386513,100,45.0,0.8,17.5
Border_Island,1985,AU198485_10U,AU198485_10U,PIERRE,DISTURBANCE_ID,18.519840000000002,42.841644533161464,100,45.0,0.8,17.5
Border_Island,1996,AU199596_07U,AU199596_07U,CELESTE,DISTURBANCE_ID,17.872172042231476,47.04758993880818,100,45.0,0.8,17.5
Border_Island,2003,AU200203_05U,AU200203_05U,ERICA,DISTURBANCE_ID,29.117304,41.228945763946705,100,45.0,0.8,17.5
Border_Island,2010,AU200910_09U,AU200910_09U,ULUI,DISTURBANCE_ID,29.117304,0.5583808989926194,100,45.0,0.8,17.5
Border_Island,2011,AU201011_11U,AU201011_11U,ANTHONY,DISTURBANCE_ID,18.09499186687058,46.32453422784336,100,45.0,0.8,17.5
Border_Island,2017,AU201617_24U,AU201617_24U,DEBBIE,DISTURBANCE_ID,33.078492,25.822779284607336,100,45.0,0.8,17.5
Border_Island,2020,AU201920_12U,AU201920_12U,HAROLD,DISTURBANCE_ID,38.377224,17.41537127982197,100,45.0,0.8,17.5
Boult_Reef,1980,AU197980_12U,AU197980_12U,SIMON,DISTURBANCE_ID,26.746561842395227,55.738134181768594,100,45.0,0.8,17.5
Boult_Reef,1994,AU199394_02U,AU199394_02U,REWA,DISTURBANCE_ID,28.31000206731382,46.60973012803427,100,45.0,0.8,17.5
Broomfield_Reef,1980,AU197980_12U,AU197980_12U,SIMON,DISTURBANCE_ID,33.078492,29.91236151231008,100,45.0,0.8,17.5
Broomfield_Reef,1992,AU199192_08U,AU199192_08U,FRAN,DISTURBANCE_ID,18.519840000000002,9.944127415350382,100,45.0,0.8,17.5
Broomfield_Reef,1994,AU199394_02U,AU199394_02U,REWA,DISTURBANCE_ID,18.082938108519997,81.62350123594618,100,45.0,0.8,17.5
Carter_Reef,1990,AU198990_10U,AU198990_10U,IVOR,DISTURBANCE_ID,27.55906308727657,56.53456835551276,100,45.0,0.8,17.5
Carter_Reef,2005,AU200405_07U,AU200405_07U,INGRID,DISTURBANCE_ID,23.906304664885926,99.25455112398983,100,45.0,0.8,17.5
Carter_Reef,2014,AU201314_15U,AU201314_15U,ITA,DISTURBANCE_ID,41.000868000000004,18.938906052983253,100,45.0,0.8,17.5
Carter_Reef,2015,AU201415_17U,AU201415_17U,NATHAN,DISTURBANCE_ID,29.117304,18.656037692586782,100,45.0,0.8,17.5
Carter_Reef,2022,AU202122_10U,AU202122_10U,TIFFANY,DISTURBANCE_ID,18.839023748904822,48.06091829414838,100,45.0,0.8,17.5
Centipede_Reef,1988,AU198788_04U,AU198788_04U,CHARLIE,DISTURBANCE_ID,26.286562790945215,51.13687828132486,100,45.0,0.8,17.5
Centipede_Reef,1989,AU198889_09U,AU198889_09U,AIVU,DISTURBANCE_ID,35.846474190771644,53.228689094572466,100,45.0,0.8,17.5
Centipede_Reef,2000,AU199900_09U,AU199900_09U,TESSI,DISTURBANCE_ID,22.481028000000002,26.046873768005497,100,45.0,0.8,17.5
Centipede_Reef,2020,AU201920_12U,AU201920_12U,HAROLD,DISTURBANCE_ID,38.377224,33.698075893392186,100,45.0,0.8,17.5
Centipede_Reef,2024,AU202324_05U,AU202324_05U,KIRRILY,DISTURBANCE_ID,23.818572,2.718399364012932,100,45.0,0.8,17.5
Centipede_Reef,2026,AU202526_12U,AU202526_12U,KOJI,DISTURBANCE_ID,19.857384,29.436889350965913,100,45.0,0.8,17.5
Chicken_Reef,1988,AU198788_04U,AU198788_04U,CHARLIE,DISTURBANCE_ID,22.481028000000002,21.57697613356105,100,45.0,0.8,17.5
Chicken_Reef,1989,AU198889_09U,AU198889_09U,AIVU,DISTURBANCE_ID,41.000868000000004,42.063651454951184,100,45.0,0.8,17.5
Chicken_Reef,2000,AU199900_09U,AU199900_09U,TESSI,DISTURBANCE_ID,22.481028000000002,43.96211018947605,100,45.0,0.8,17.5
Chicken_Reef,2020,AU201920_12U,AU201920_12U,HAROLD,DISTURBANCE_ID,38.377224,42.501235914624765,100,45.0,0.8,17.5
Chicken_Reef,2024,AU202324_05U,AU202324_05U,KIRRILY,DISTURBANCE_ID,23.818572,3.0429160342603834,100,45.0,0.8,17.5
Chicken_Reef,2026,AU202526_12U,AU202526_12U,KOJI,DISTURBANCE_ID,19.857384,12.93200851731199,100,45.0,0.8,17.5
Chinaman_Reef_22_102,1984,AU198384_22U,AU198384_22U,LANCE,DISTURBANCE_ID,18.519840000000002,25.80606066113598,100,45.0,0.8,17.5
Chinaman_Reef_22_102,1992,AU199192_08U,AU199192_08U,FRAN,DISTURBANCE_ID,22.481028000000002,30.984401632795187,100,45.0,0.8,17.5
Chinaman_Reef_22_102,1994,AU199394_02U,AU199394_02U,REWA,DISTURBANCE_ID,29.117304,23.41824554565655,100,45.0,0.8,17.5
Chinaman_Reef_22_102,2009,AU200809_17U,AU200809_17U,HAMISH,DISTURBANCE_ID,42.338412,12.781606323683992,100,45.0,0.8,17.5
Corbett_Reef,1981,AU198081_08U,AU198081_08U,EDDIE,DISTURBANCE_ID,18.519840000000002,42.77532791240492,100,45.0,0.8,17.5
Corbett_Reef,1985,AU198485_15U,AU198485_15U,TANYA,DISTURBANCE_ID,19.857384,17.378807691099805,100,45.0,0.8,17.5
Corbett_Reef,1990,AU198990_10U,AU198990_10U,IVOR,DISTURBANCE_ID,33.078492,12.717251273420286,100,45.0,0.8,17.5
Corbett_Reef,2005,AU200405_07U,AU200405_07U,INGRID,DISTURBANCE_ID,25.469459894746837,71.86573588563311,100,45.0,0.8,17.5
Corbett_Reef,2015,AU201415_17U,AU201415_17U,NATHAN,DISTURBANCE_ID,23.061206928389268,56.7898320865336,100,45.0,0.8,17.5
Corbett_Reef,2022,AU202122_10U,AU202122_10U,TIFFANY,DISTURBANCE_ID,19.857384,23.49219593292396,100,45.0,0.8,17.5
Davie_Reef,1981,AU198081_08U,AU198081_08U,EDDIE,DISTURBANCE_ID,18.519840000000002,41.44565636371298,100,45.0,0.8,17.5
Davie_Reef,1985,AU198485_15U,AU198485_15U,TANYA,DISTURBANCE_ID,19.857384,31.141299634643392,100,45.0,0.8,17.5
Davie_Reef,1990,AU198990_10U,AU198990_10U,IVOR,DISTURBANCE_ID,33.078492,12.108714872525585,100,45.0,0.8,17.5
Davie_Reef,2005,AU200405_07U,AU200405_07U,INGRID,DISTURBANCE_ID,27.573202168547166,73.89155754838451,100,45.0,0.8,17.5
Davie_Reef,2015,AU201415_17U,AU201415_17U,NATHAN,DISTURBANCE_ID,21.839007580093515,60.789980168438085,100,45.0,0.8,17.5
Davie_Reef,2022,AU202122_10U,AU202122_10U,TIFFANY,DISTURBANCE_ID,19.857384,36.76786439941878,100,45.0,0.8,17.5
Davies_Reef,1988,AU198788_04U,AU198788_04U,CHARLIE,DISTURBANCE_ID,28.637080482677696,45.945241604513235,100,45.0,0.8,17.5
Davies_Reef,1989,AU198889_09U,AU198889_09U,AIVU,DISTURBANCE_ID,41.000868000000004,38.88452356456466,100,45.0,0.8,17.5
Davies_Reef,2000,AU199900_09U,AU199900_09U,TESSI,DISTURBANCE_ID,22.481028000000002,39.61318418724968,100,45.0,0.8,17.5
Davies_Reef,2020,AU201920_12U,AU201920_12U,HAROLD,DISTURBANCE_ID,38.377224,25.607385157406167,100,45.0,0.8,17.5
Davies_Reef,2024,AU202324_05U,AU202324_05U,KIRRILY,DISTURBANCE_ID,23.818572,15.29766237232333,100,45.0,0.8,17.5
Davies_Reef,2026,AU202526_12U,AU202526_12U,KOJI,DISTURBANCE_ID,19.857384,16.419651694250188,100,45.0,0.8,17.5
Dip_Reef,1988,AU198788_04U,AU198788_04U,CHARLIE,DISTURBANCE_ID,17.68956560193944,60.720628996447225,100,45.0,0.8,17.5
Dip_Reef,1989,AU198889_09U,AU198889_09U,AIVU,DISTURBANCE_ID,25.885733648610522,79.96100238028252,100,45.0,0.8,17.5
Dip_Reef,2000,AU199900_09U,AU199900_09U,TESSI,DISTURBANCE_ID,22.481028000000002,36.218188315343426,100,45.0,0.8,17.5
Dip_Reef,2006,AU200506_15U,AU200506_15U,LARRY,DISTURBANCE_ID,19.76089897048784,94.42860181367053,100,45.0,0.8,17.5
Dip_Reef,2020,AU201920_12U,AU201920_12U,HAROLD,DISTURBANCE_ID,26.731665125388968,70.71669332629676,100,45.0,0.8,17.5
Dip_Reef,2024,AU202324_05U,AU202324_05U,KIRRILY,DISTURBANCE_ID,23.818572,34.46457464949948,100,45.0,0.8,17.5
Dip_Reef,2026,AU202526_12U,AU202526_12U,KOJI,DISTURBANCE_ID,19.857384,44.441175246507186,100,45.0,0.8,17.5
East_Cay,1984,AU198384_22U,AU198384_22U,LANCE,DISTURBANCE_ID,18.519840000000002,34.29976237233228,100,45.0,0.8,17.5
East_Cay,1992,AU199192_08U,AU199192_08U,FRAN,DISTURBANCE_ID,22.481028000000002,28.72359157540289,100,45.0,0.8,17.5
East_Cay,1994,AU199394_02U,AU199394_02U,REWA,DISTURBANCE_ID,29.117304,39.7524845510402,100,45.0,0.8,17.5
East_Cay,2009,AU200809_17U,AU200809_17U,HAMISH,DISTURBANCE_ID,39.670604367543284,48.81403392937161,100,45.0,0.8,17.5
Erskine_Island,1980,AU197980_12U,AU197980_12U,SIMON,DISTURBANCE_ID,27.233569861716017,57.380446677793294,100,45.0,0.8,17.5
Erskine_Island,1992,AU199192_08U,AU199192_08U,FRAN,DISTURBANCE_ID,18.519840000000002,40.892379806710096,100,45.0,0.8,17.5
Erskine_Island,2015,AU201415_14U,AU201415_14U,MARCIA,DISTURBANCE_ID,20.929748756149078,91.85261552793612,100,45.0,0.8,17.5
Fairfax_Island,1980,AU197980_12U,AU197980_12U,SIMON,DISTURBANCE_ID,25.12011748267886,60.28514336096229,100,45.0,0.8,17.5
Fairfax_Island,1994,AU199394_02U,AU199394_02U,REWA,DISTURBANCE_ID,29.117304,43.56444748066098,100,45.0,0.8,17.5
Farquharson_Reef,1986,AU198586_06U,AU198586_06U,WINIFRED,DISTURBANCE_ID,31.740948000000003,32.28228727835862,100,45.0,0.8,17.5
Farquharson_Reef,2006,AU200506_15U,AU200506_15U,LARRY,DISTURBANCE_ID,37.039680000000004,44.21004059332077,100,45.0,0.8,17.5
Farquharson_Reef,2011,AU201011_14U,AU201011_14U,YASI,DISTURBANCE_ID,41.000868000000004,44.21004059332077,100,45.0,0.8,17.5
Feather_Reef,1986,AU198586_06U,AU198586_06U,WINIFRED,DISTURBANCE_ID,31.740948000000003,0.24655296874140212,100,45.0,0.8,17.5
Feather_Reef,1990,AU198990_02U,AU198990_02U,FELICITY,DISTURBANCE_ID,22.481028000000002,35.92321127467846,100,45.0,0.8,17.5
Feather_Reef,2006,AU200506_15U,AU200506_15U,LARRY,DISTURBANCE_ID,37.039680000000004,43.332816192875896,100,45.0,0.8,17.5
Feather_Reef,2011,AU201011_14U,AU201011_14U,YASI,DISTURBANCE_ID,41.000868000000004,43.332816192875896,100,45.0,0.8,17.5
Fitzroy_Island,1986,AU198586_06U,AU198586_06U,WINIFRED,DISTURBANCE_ID,21.35602906071024,62.51331024447556,100,45.0,0.8,17.5
Fitzroy_Island,1990,AU198990_02U,AU198990_02U,FELICITY,DISTURBANCE_ID,22.481028000000002,36.55709681220217,100,45.0,0.8,17.5
Fitzroy_Island,2006,AU200506_15U,AU200506_15U,LARRY,DISTURBANCE_ID,30.836411515436172,56.58701110294953,100,45.0,0.8,17.5
Fitzroy_Island,2010,AU200910_07U,AU200910_07U,OLGA,DISTURBANCE_ID,18.519840000000002,32.59884276826166,100,45.0,0.8,17.5
Fitzroy_Island,2011,AU201011_14U,AU201011_14U,YASI,DISTURBANCE_ID,21.851255536541192,98.82306801047231,100,45.0,0.8,17.5
Fore_and_Aft_Reef,2000,AU199900_09U,AU199900_09U,TESSI,DISTURBANCE_ID,23.94130652172993,50.950683656459574,100,45.0,0.8,17.5
Fore_and_Aft_Reef,2011,AU201011_14U,AU201011_14U,YASI,DISTURBANCE_ID,23.014637510584315,92.6186942036421,100,45.0,0.8,17.5
Fore_and_Aft_Reef,2020,AU201920_12U,AU201920_12U,HAROLD,DISTURBANCE_ID,30.187835979791867,60.74555201359435,100,45.0,0.8,17.5
Fore_and_Aft_Reef,2024,AU202324_05U,AU202324_05U,KIRRILY,DISTURBANCE_ID,23.657380407400023,45.38359007562209,100,45.0,0.8,17.5
Fork_Reef,1988,AU198788_04U,AU198788_04U,CHARLIE,DISTURBANCE_ID,22.481028000000002,36.722235017243264,100,45.0,0.8,17.5
Fork_Reef,1989,AU198889_09U,AU198889_09U,AIVU,DISTURBANCE_ID,33.461362281413145,58.01286380581118,100,45.0,0.8,17.5
Fork_Reef,2000,AU199900_09U,AU199900_09U,TESSI,DISTURBANCE_ID,22.481028000000002,29.975706005370753,100,45.0,0.8,17.5
Fork_Reef,2020,AU201920_12U,AU201920_12U,HAROLD,DISTURBANCE_ID,36.51172104748385,47.892121893105276,100,45.0,0.8,17.5
Fork_Reef,2024,AU202324_05U,AU202324_05U,KIRRILY,DISTURBANCE_ID,23.818572,8.680773009070938,100,45.0,0.8,17.5
Fork_Reef,2026,AU202526_12U,AU202526_12U,KOJI,DISTURBANCE_ID,19.857384,28.928432052042567,100,45.0,0.8,17.5
Frankland_Islands,1986,AU198586_06U,AU198586_06U,WINIFRED,DISTURBANCE_ID,31.740948000000003,42.90996720816937,100,45.0,0.8,17.5
Frankland_Islands,1990,AU198990_02U,AU198990_02U,FELICITY,DISTURBANCE_ID,22.481028000000002,5.124187529298061,100,45.0,0.8,17.5
Frankland_Islands,2006,AU200506_15U,AU200506_15U,LARRY,DISTURBANCE_ID,37.039680000000004,39.30779995309308,100,45.0,0.8,17.5
Frankland_Islands,2010,AU200910_07U,AU200910_07U,OLGA,DISTURBANCE_ID,18.519840000000002,37.26544646955608,100,45.0,0.8,17.5
Frankland_Islands,2011,AU201011_14U,AU201011_14U,YASI,DISTURBANCE_ID,29.31877865804532,68.43393043249627,100,45.0,0.8,17.5
Gannet_Cay,1984,AU198384_22U,AU198384_22U,LANCE,DISTURBANCE_ID,18.519840000000002,42.03148805978855,100,45.0,0.8,17.5
Gannet_Cay,1992,AU199192_08U,AU199192_08U,FRAN,DISTURBANCE_ID,22.481028000000002,21.616961328993334,100,45.0,0.8,17.5
Gannet_Cay,1994,AU199394_02U,AU199394_02U,REWA,DISTURBANCE_ID,29.117304,42.45428120841645,100,45.0,0.8,17.5
Gannet_Cay,2009,AU200809_17U,AU200809_17U,HAMISH,DISTURBANCE_ID,42.338412,2.6391762572765582,100,45.0,0.8,17.5
Green_Island,1986,AU198586_06U,AU198586_06U,WINIFRED,DISTURBANCE_ID,17.738253777187072,93.13197240787855,100,45.0,0.8,17.5
Green_Island,1990,AU198990_02U,AU198990_02U,FELICITY,DISTURBANCE_ID,19.051087112456987,55.34558959676552,100,45.0,0.8,17.5
Green_Island,2006,AU200506_15U,AU200506_15U,LARRY,DISTURBANCE_ID,25.003073016568692,73.54528069001012,100,45.0,0.8,17.5
Green_Island,2010,AU200910_07U,AU200910_07U,OLGA,DISTURBANCE_ID,18.519840000000002,38.86414738648978,100,45.0,0.8,17.5
Grub_Reef_18_077,1988,AU198788_04U,AU198788_04U,CHARLIE,DISTURBANCE_ID,22.6711694553349,61.526053793765385,100,45.0,0.8,17.5
Grub_Reef_18_077,1989,AU198889_09U,AU198889_09U,AIVU,DISTURBANCE_ID,29.201789818976092,68.77680373515561,100,45.0,0.8,17.5
Grub_Reef_18_077,2000,AU199900_09U,AU199900_09U,TESSI,DISTURBANCE_ID,22.481028000000002,14.629382942679248,100,45.0,0.8,17.5
Grub_Reef_18_077,2020,AU201920_12U,AU201920_12U,HAROLD,DISTURBANCE_ID,38.377224,43.893889113700006,100,45.0,0.8,17.5
Grub_Reef_18_077,2024,AU202324_05U,AU202324_05U,KIRRILY,DISTURBANCE_ID,23.818572,11.808086639411762,100,45.0,0.8,17.5
Grub_Reef_18_077,2026,AU202526_12U,AU202526_12U,KOJI,DISTURBANCE_ID,19.857384,42.94990169499756,100,45.0,0.8,17.5
Hastings_Reef,1999,AU199899_09U,AU199899_09U,RONA,DISTURBANCE_ID,19.857384,29.654542501696262,100,45.0,0.8,17.5
Hastings_Reef,2010,AU200910_07U,AU200910_07U,OLGA,DISTURBANCE_ID,18.519840000000002,41.37321699055552,100,45.0,0.8,17.5
Havannah_Island,2000,AU199900_09U,AU199900_09U,TESSI,DISTURBANCE_ID,26.442216,6.672313348265978,100,45.0,0.8,17.5
Havannah_Island,2020,AU201920_12U,AU201920_12U,HAROLD,DISTURBANCE_ID,38.377224,23.32666683935408,100,45.0,0.8,17.5
Havannah_Island,2024,AU202324_05U,AU202324_05U,KIRRILY,DISTURBANCE_ID,23.818572,35.509479970527096,100,45.0,0.8,17.5
Hayman_Island,1996,AU199596_07U,AU199596_07U,CELESTE,DISTURBANCE_ID,18.519840000000002,30.9571482521629,100,45.0,0.8,17.5
Hayman_Island,2003,AU200203_05U,AU200203_05U,ERICA,DISTURBANCE_ID,23.552195111123133,58.66272414710762,100,45.0,0.8,17.5
Hayman_Island,2010,AU200910_09U,AU200910_09U,ULUI,DISTURBANCE_ID,29.117304,15.103524166784808,100,45.0,0.8,17.5
Hayman_Island,2011,AU201011_11U,AU201011_11U,ANTHONY,DISTURBANCE_ID,18.519840000000002,28.834627474218124,100,45.0,0.8,17.5
Hayman_Island,2014,AU201314_07U,AU201314_07U,DYLAN,DISTURBANCE_ID,19.857384,39.10601395424006,100,45.0,0.8,17.5
Hayman_Island,2017,AU201617_24U,AU201617_24U,DEBBIE,DISTURBANCE_ID,33.078492,11.491324427667099,100,45.0,0.8,17.5
Hayman_Island,2020,AU201920_12U,AU201920_12U,HAROLD,DISTURBANCE_ID,38.377224,6.0623101097280445,100,45.0,0.8,17.5
Helix_Reef,1988,AU198788_04U,AU198788_04U,CHARLIE,DISTURBANCE_ID,21.03010921597967,67.5848811729608,100,45.0,0.8,17.5
Helix_Reef,1989,AU198889_09U,AU198889_09U,AIVU,DISTURBANCE_ID,25.275819623241777,82.38009115576689,100,45.0,0.8,17.5
Helix_Reef,2000,AU199900_09U,AU199900_09U,TESSI,DISTURBANCE_ID,22.481028000000002,8.50393132519761,100,45.0,0.8,17.5
Helix_Reef,2020,AU201920_12U,AU201920_12U,HAROLD,DISTURBANCE_ID,37.07313360443265,46.98728372016889,100,45.0,0.8,17.5
Helix_Reef,2024,AU202324_05U,AU202324_05U,KIRRILY,DISTURBANCE_ID,23.818572,20.865803702256134,100,45.0,0.8,17.5
Horseshoe_Reef,1984,AU198384_22U,AU198384_22U,LANCE,DISTURBANCE_ID,18.519840000000002,31.191022098702724,100,45.0,0.8,17.5
Horseshoe_Reef,1992,AU199192_08U,AU199192_08U,FRAN,DISTURBANCE_ID,22.481028000000002,30.956598381505295,100,45.0,0.8,17.5
Horseshoe_Reef,1994,AU199394_02U,AU199394_02U,REWA,DISTURBANCE_ID,29.117304,28.36907749103671,100,45.0,0.8,17.5
Horseshoe_Reef,2009,AU200809_17U,AU200809_17U,HAMISH,DISTURBANCE_ID,42.338412,8.06188754682828,100,45.0,0.8,17.5
Hoskyn_Island,1980,AU197980_12U,AU197980_12U,SIMON,DISTURBANCE_ID,25.390296310516806,59.48434300586077,100,45.0,0.8,17.5
Hoskyn_Island,1994,AU199394_02U,AU199394_02U,REWA,DISTURBANCE_ID,28.051311618852655,47.147644342984606,100,45.0,0.8,17.5
Hyde_Reef,2003,AU200203_05U,AU200203_05U,ERICA,DISTURBANCE_ID,29.117304,34.248027473396974,100,45.0,0.8,17.5
Hyde_Reef,2009,AU200809_17U,AU200809_17U,HAMISH,DISTURBANCE_ID,42.338412,20.938142146993066,100,45.0,0.8,17.5
Hyde_Reef,2010,AU200910_09U,AU200910_09U,ULUI,DISTURBANCE_ID,29.117304,19.93904721942172,100,45.0,0.8,17.5
Hyde_Reef,2017,AU201617_24U,AU201617_24U,DEBBIE,DISTURBANCE_ID,35.75358,42.48309332438959,100,45.0,0.8,17.5
Hyde_Reef,2020,AU201920_12U,AU201920_12U,HAROLD,DISTURBANCE_ID,38.377224,26.91102752221847,100,45.0,0.8,17.5
Jenkins_Reef,1984,AU198384_22U,AU198384_22U,LANCE,DISTURBANCE_ID,18.519840000000002,29.02431059829546,100,45.0,0.8,17.5
Jenkins_Reef,1992,AU199192_08U,AU199192_08U,FRAN,DISTURBANCE_ID,22.481028000000002,22.63439619035399,100,45.0,0.8,17.5
Jenkins_Reef,1994,AU199394_02U,AU199394_02U,REWA,DISTURBANCE_ID,29.117304,30.076773280613708,100,45.0,0.8,17.5
Jenkins_Reef,2009,AU200809_17U,AU200809_17U,HAMISH,DISTURBANCE_ID,42.338412,13.619843414148239,100,45.0,0.8,17.5
John_Brewer_Reef,1988,AU198788_04U,AU198788_04U,CHARLIE,DISTURBANCE_ID,18.779630938754828,77.85610057023442,100,45.0,0.8,17.5
John_Brewer_Reef,2000,AU199900_09U,AU199900_09U,TESSI,DISTURBANCE_ID,26.442216,41.82901520161611,100,45.0,0.8,17.5
John_Brewer_Reef,2020,AU201920_12U,AU201920_12U,HAROLD,DISTURBANCE_ID,37.27278029703682,46.672893219560194,100,45.0,0.8,17.5
John_Brewer_Reef,2024,AU202324_05U,AU202324_05U,KIRRILY,DISTURBANCE_ID,23.818572,31.136045679810675,100,45.0,0.8,17.5
Kelso_Reef,2000,AU199900_09U,AU199900_09U,TESSI,DISTURBANCE_ID,22.481028000000002,39.62212723192233,100,45.0,0.8,17.5
Kelso_Reef,2006,AU200506_15U,AU200506_15U,LARRY,DISTURBANCE_ID,19.06081035281096,98.78368684748924,100,45.0,0.8,17.5
Kelso_Reef,2011,AU201011_14U,AU201011_14U,YASI,DISTURBANCE_ID,24.869004796647218,84.06802018681472,100,45.0,0.8,17.5
Kelso_Reef,2020,AU201920_12U,AU201920_12U,HAROLD,DISTURBANCE_ID,27.573317814333805,68.02885741944115,100,45.0,0.8,17.5
Kelso_Reef,2024,AU202324_05U,AU202324_05U,KIRRILY,DISTURBANCE_ID,20.598173142982528,53.95991836998196,100,45.0,0.8,17.5
Knife_Reef,1988,AU198788_04U,AU198788_04U,CHARLIE,DISTURBANCE_ID,22.481028000000002,38.814622048761876,100,45.0,0.8,17.5
Knife_Reef,1989,AU198889_09U,AU198889_09U,AIVU,DISTURBANCE_ID,32.78825652142947,59.505337433198974,100,45.0,0.8,17.5
Knife_Reef,2000,AU199900_09U,AU199900_09U,TESSI,DISTURBANCE_ID,22.481028000000002,31.846278943148867,100,45.0,0.8,17.5
Knife_Reef,2020,AU201920_12U,AU201920_12U,HAROLD,DISTURBANCE_ID,34.350012976784974,51.688726026862604,100,45.0,0.8,17.5
Knife_Reef,2024,AU202324_05U,AU202324_05U,KIRRILY,DISTURBANCE_ID,23.818572,11.841065998472967,100,45.0,0.8,17.5
Knife_Reef,2026,AU202526_12U,AU202526_12U,KOJI,DISTURBANCE_ID,19.857384,29.035275855324787,100,45.0,0.8,17.5
Low_Isles,1999,AU199899_09U,AU199899_09U,RONA,DISTURBANCE_ID,19.857384,20.81421780098811,100,45.0,0.8,17.5
Low_Isles,2014,AU201314_15U,AU201314_15U,ITA,DISTURBANCE_ID,22.26294236357387,81.35490251292485,100,45.0,0.8,17.5
Lynchs_Reef,1988,AU198788_04U,AU198788_04U,CHARLIE,DISTURBANCE_ID,24.187500534134855,56.74305638691803,100,45.0,0.8,17.5
Lynchs_Reef,1989,AU198889_09U,AU198889_09U,AIVU,DISTURBANCE_ID,41.000868000000004,37.07651024804628,100,45.0,0.8,17.5
Lynchs_Reef,2000,AU199900_09U,AU199900_09U,TESSI,DISTURBANCE_ID,22.481028000000002,44.885967449719786,100,45.0,0.8,17.5
Lynchs_Reef,2020,AU201920_12U,AU201920_12U,HAROLD,DISTURBANCE_ID,38.377224,34.266534276158445,100,45.0,0.8,17.5
Lynchs_Reef,2024,AU202324_05U,AU202324_05U,KIRRILY,DISTURBANCE_ID,23.818572,10.815222473444015,100,45.0,0.8,17.5
Lynchs_Reef,2026,AU202526_12U,AU202526_12U,KOJI,DISTURBANCE_ID,19.857384,10.696204558862693,100,45.0,0.8,17.5
Macgillivray_Reef,1990,AU198990_10U,AU198990_10U,IVOR,DISTURBANCE_ID,23.43235980053449,69.24279784835619,100,45.0,0.8,17.5
Macgillivray_Reef,2014,AU201314_15U,AU201314_15U,ITA,DISTURBANCE_ID,41.000868000000004,13.711404261097966,100,45.0,0.8,17.5
Macgillivray_Reef,2015,AU201415_17U,AU201415_17U,NATHAN,DISTURBANCE_ID,29.117304,5.343533974863499,100,45.0,0.8,17.5
Mackay_Reef,1999,AU199899_09U,AU199899_09U,RONA,DISTURBANCE_ID,19.857384,17.813028645772246,100,45.0,0.8,17.5
Mackay_Reef,2014,AU201314_15U,AU201314_15U,ITA,DISTURBANCE_ID,24.80804457444268,71.05935555578145,100,45.0,0.8,17.5
Mackay_Reef,2024,AU202324_02U,AU202324_02U,JASPER,DISTURBANCE_ID,18.519840000000002,21.64739387197063,100,45.0,0.8,17.5
Mantis_Reef,1984,AU198384_18U,AU198384_18U,JIM,DISTURBANCE_ID,22.481028000000002,44.44804614259378,100,45.0,0.8,17.5
Mantis_Reef,2005,AU200405_07U,AU200405_07U,INGRID,DISTURBANCE_ID,19.41261425501073,96.55102761178698,100,45.0,0.8,17.5
Mantis_Reef,2013,AU201213_18U,AU201213_18U,ZANE,DISTURBANCE_ID,18.519840000000002,5.683542048398797,100,45.0,0.8,17.5
Mantis_Reef,2019,AU201819_20U,AU201819_20U,TREVOR,DISTURBANCE_ID,22.200500834926537,74.07832890828657,100,45.0,0.8,17.5
Masthead_Island,1980,AU197980_12U,AU197980_12U,SIMON,DISTURBANCE_ID,25.60488306548496,61.978512075337896,100,45.0,0.8,17.5
Masthead_Island,1992,AU199192_08U,AU199192_08U,FRAN,DISTURBANCE_ID,18.33139482060909,45.578986352977445,100,45.0,0.8,17.5
Masthead_Island,2015,AU201415_14U,AU201415_14U,MARCIA,DISTURBANCE_ID,21.616374742620703,88.22018626408862,100,45.0,0.8,17.5
McCulloch_Reef,1986,AU198586_06U,AU198586_06U,WINIFRED,DISTURBANCE_ID,31.740948000000003,23.87741822516503,100,45.0,0.8,17.5
McCulloch_Reef,1990,AU198990_02U,AU198990_02U,FELICITY,DISTURBANCE_ID,22.481028000000002,10.876554494156148,100,45.0,0.8,17.5
McCulloch_Reef,2006,AU200506_15U,AU200506_15U,LARRY,DISTURBANCE_ID,37.039680000000004,44.17661440824995,100,45.0,0.8,17.5
McCulloch_Reef,2010,AU200910_07U,AU200910_07U,OLGA,DISTURBANCE_ID,18.519840000000002,41.02028189485745,100,45.0,0.8,17.5
McCulloch_Reef,2011,AU201011_14U,AU201011_14U,YASI,DISTURBANCE_ID,41.000868000000004,44.17661440824995,100,45.0,0.8,17.5
Michaelmas_Cay,1999,AU199899_09U,AU199899_09U,RONA,DISTURBANCE_ID,19.857384,33.477478264888205,100,45.0,0.8,17.5
Michaelmas_Cay,2006,AU200506_15U,AU200506_15U,LARRY,DISTURBANCE_ID,20.0110980221287,97.15337612190164,100,45.0,0.8,17.5
Michaelmas_Cay,2010,AU200910_07U,AU200910_07U,OLGA,DISTURBANCE_ID,18.519840000000002,37.336715816384256,100,45.0,0.8,17.5
Moore_Reef,1986,AU198586_06U,AU198586_06U,WINIFRED,DISTURBANCE_ID,23.910849301048316,54.27869188384846,100,45.0,0.8,17.5
Moore_Reef,1990,AU198990_02U,AU198990_02U,FELICITY,DISTURBANCE_ID,22.481028000000002,39.799783851886296,100,45.0,0.8,17.5
Moore_Reef,1991,AU199091_02U,AU199091_02U,JOY,DISTURBANCE_ID,21.26643391905947,51.84881389334724,100,45.0,0.8,17.5
Moore_Reef,2006,AU200506_15U,AU200506_15U,LARRY,DISTURBANCE_ID,26.325114618902408,65.97799185977068,100,45.0,0.8,17.5
Moore_Reef,2010,AU200910_07U,AU200910_07U,OLGA,DISTURBANCE_ID,18.519840000000002,8.445946318283285,100,45.0,0.8,17.5
Moore_Reef,2011,AU201011_14U,AU201011_14U,YASI,DISTURBANCE_ID,23.242731572016485,91.48394185584627,100,45.0,0.8,17.5
Myrmidon_Reef,1989,AU198889_09U,AU198889_09U,AIVU,DISTURBANCE_ID,22.647770417099608,94.49786794761734,100,45.0,0.8,17.5
Myrmidon_Reef,2000,AU199900_09U,AU199900_09U,TESSI,DISTURBANCE_ID,20.948618644133813,49.151693228577784,100,45.0,0.8,17.5
Myrmidon_Reef,2006,AU200506_15U,AU200506_15U,LARRY,DISTURBANCE_ID,22.87766139079113,78.63165140984586,100,45.0,0.8,17.5
Myrmidon_Reef,2011,AU201011_14U,AU201011_14U,YASI,DISTURBANCE_ID,24.724397130988542,84.68308852396478,100,45.0,0.8,17.5
Myrmidon_Reef,2020,AU201920_12U,AU201920_12U,HAROLD,DISTURBANCE_ID,22.69490006038999,86.77489898752154,100,45.0,0.8,17.5
Myrmidon_Reef,2024,AU202324_05U,AU202324_05U,KIRRILY,DISTURBANCE_ID,21.17579274229148,52.12638020612271,100,45.0,0.8,17.5
Myrmidon_Reef,2026,AU202526_12U,AU202526_12U,KOJI,DISTURBANCE_ID,17.710060064304546,51.92063722129756,100,45.0,0.8,17.5
North_Barnard_Islands,1990,AU198990_10U,AU198990_10U,IVOR,DISTURBANCE_ID,20.971544108760288,79.543854429654,100,45.0,0.8,17.5
North_Barnard_Islands,2014,AU201314_15U,AU201314_15U,ITA,DISTURBANCE_ID,41.000868000000004,18.59375832699185,100,45.0,0.8,17.5
North_Barnard_Islands,2015,AU201415_17U,AU201415_17U,NATHAN,DISTURBANCE_ID,29.117304,4.881766154492429,100,45.0,0.8,17.5
North_Direction_Island,1990,AU198990_10U,AU198990_10U,IVOR,DISTURBANCE_ID,20.984525101875963,79.4823520626105,100,45.0,0.8,17.5
North_Direction_Island,2014,AU201314_15U,AU201314_15U,ITA,DISTURBANCE_ID,41.000868000000004,18.60119534030483,100,45.0,0.8,17.5
North_Direction_Island,2015,AU201415_17U,AU201415_17U,NATHAN,DISTURBANCE_ID,29.117304,4.818446821264383,100,45.0,0.8,17.5
North_Island,1980,AU197980_12U,AU197980_12U,SIMON,DISTURBANCE_ID,33.078492,44.08227836107229,100,45.0,0.8,17.5
North_Island,1992,AU199192_08U,AU199192_08U,FRAN,DISTURBANCE_ID,18.519840000000002,9.704608236646347,100,45.0,0.8,17.5
One_Tree_Island,1980,AU197980_12U,AU197980_12U,SIMON,DISTURBANCE_ID,31.740948000000003,41.88387297243335,100,45.0,0.8,17.5
One_Tree_Island,1992,AU199192_08U,AU199192_08U,FRAN,DISTURBANCE_ID,18.519840000000002,33.982205094396946,100,45.0,0.8,17.5
One_Tree_Island,1994,AU199394_02U,AU199394_02U,REWA,DISTURBANCE_ID,22.131278785282017,63.407893929852435,100,45.0,0.8,17.5
Opal_Reef,1999,AU199899_09U,AU199899_09U,RONA,DISTURBANCE_ID,19.857384,2.8427751666541297,100,45.0,0.8,17.5
Opal_Reef,2024,AU202324_02U,AU202324_02U,JASPER,DISTURBANCE_ID,18.12340866160199,46.233758211544504,100,45.0,0.8,17.5
Pandora_Reef,2000,AU199900_09U,AU199900_09U,TESSI,DISTURBANCE_ID,26.442216,9.716892214752958,100,45.0,0.8,17.5
Pandora_Reef,2011,AU201011_14U,AU201011_14U,YASI,DISTURBANCE_ID,22.277876567233502,96.46318244580937,100,45.0,0.8,17.5
Pandora_Reef,2020,AU201920_12U,AU201920_12U,HAROLD,DISTURBANCE_ID,38.377224,26.429523900609574,100,45.0,0.8,17.5
Pandora_Reef,2024,AU202324_05U,AU202324_05U,KIRRILY,DISTURBANCE_ID,23.818572,43.486249320098175,100,45.0,0.8,17.5
Peart_Reef,1986,AU198586_06U,AU198586_06U,WINIFRED,DISTURBANCE_ID,31.740948000000003,5.282257910206759,100,45.0,0.8,17.5
Peart_Reef,1990,AU198990_02U,AU198990_02U,FELICITY,DISTURBANCE_ID,22.481028000000002,30.18210730724961,100,45.0,0.8,17.5
Peart_Reef,2006,AU200506_15U,AU200506_15U,LARRY,DISTURBANCE_ID,37.039680000000004,42.01563908588264,100,45.0,0.8,17.5
Peart_Reef,2011,AU201011_14U,AU201011_14U,YASI,DISTURBANCE_ID,41.000868000000004,42.01563908588264,100,45.0,0.8,17.5
Pompey_Reef_No_1,1980,AU197980_12U,AU197980_12U,SIMON,DISTURBANCE_ID,20.070506894627236,84.03238998373335,100,45.0,0.8,17.5
Pompey_Reef_No_1,1983,AU198283_03U,AU198283_03U,ELINOR,DISTURBANCE_ID,19.857384,23.90322526062082,100,45.0,0.8,17.5
Pompey_Reef_No_1,2009,AU200809_17U,AU200809_17U,HAMISH,DISTURBANCE_ID,34.39613138374484,58.34366686320657,100,45.0,0.8,17.5
Pompey_Reef_No_1,2015,AU201415_14U,AU201415_14U,MARCIA,DISTURBANCE_ID,41.000868000000004,4.632202475313919,100,45.0,0.8,17.5
Pompey_Reef_No_2,1980,AU197980_12U,AU197980_12U,SIMON,DISTURBANCE_ID,20.581011566705126,81.43502723554292,100,45.0,0.8,17.5
Pompey_Reef_No_2,1983,AU198283_03U,AU198283_03U,ELINOR,DISTURBANCE_ID,19.857384,24.63896048432768,100,45.0,0.8,17.5
Pompey_Reef_No_2,2009,AU200809_17U,AU200809_17U,HAMISH,DISTURBANCE_ID,32.67308311182613,62.214708821115224,100,45.0,0.8,17.5
Pompey_Reef_No_2,2015,AU201415_14U,AU201415_14U,MARCIA,DISTURBANCE_ID,41.000868000000004,2.948699828728469,100,45.0,0.8,17.5
Rebe_Reef,2003,AU200203_05U,AU200203_05U,ERICA,DISTURBANCE_ID,29.117304,27.33411493671042,100,45.0,0.8,17.5
Rebe_Reef,2009,AU200809_17U,AU200809_17U,HAMISH,DISTURBANCE_ID,42.338412,18.468297786377224,100,45.0,0.8,17.5
Rebe_Reef,2010,AU200910_09U,AU200910_09U,ULUI,DISTURBANCE_ID,29.117304,14.202724303380629,100,45.0,0.8,17.5
Rebe_Reef,2015,AU201415_14U,AU201415_14U,MARCIA,DISTURBANCE_ID,20.268067728102764,95.61611915630439,100,45.0,0.8,17.5
Rebe_Reef,2017,AU201617_24U,AU201617_24U,DEBBIE,DISTURBANCE_ID,35.75358,34.37220681912022,100,45.0,0.8,17.5
Rebe_Reef,2020,AU201920_12U,AU201920_12U,HAROLD,DISTURBANCE_ID,38.377224,21.975469428703168,100,45.0,0.8,17.5
Reef_11_162,1984,AU198384_18U,AU198384_18U,JIM,DISTURBANCE_ID,17.654773172771115,60.870244225580116,100,45.0,0.8,17.5
Reef_11_162,2013,AU201213_18U,AU201213_18U,ZANE,DISTURBANCE_ID,18.519840000000002,40.79248625374871,100,45.0,0.8,17.5
Reef_13_124,1981,AU198081_08U,AU198081_08U,EDDIE,DISTURBANCE_ID,17.58282153378022,48.017366947879054,100,45.0,0.8,17.5
Reef_13_124,1985,AU198485_15U,AU198485_15U,TANYA,DISTURBANCE_ID,19.857384,1.095390528001699,100,45.0,0.8,17.5
Reef_13_124,1990,AU198990_10U,AU198990_10U,IVOR,DISTURBANCE_ID,33.078492,28.846074451111043,100,45.0,0.8,17.5
Reef_13_124,2005,AU200405_07U,AU200405_07U,INGRID,DISTURBANCE_ID,29.976776538560475,58.6226414417625,100,45.0,0.8,17.5
Reef_13_124,2015,AU201415_17U,AU201415_17U,NATHAN,DISTURBANCE_ID,19.444059655968648,70.28933660401532,100,45.0,0.8,17.5
Reef_13_124,2022,AU202122_10U,AU202122_10U,TIFFANY,DISTURBANCE_ID,19.857384,39.05604901311735,100,45.0,0.8,17.5
Reef_19_131,1985,AU198485_10U,AU198485_10U,PIERRE,DISTURBANCE_ID,18.519840000000002,8.74144426057302,100,45.0,0.8,17.5
Reef_19_131,1996,AU199596_07U,AU199596_07U,CELESTE,DISTURBANCE_ID,18.519840000000002,39.58543358025466,100,45.0,0.8,17.5
Reef_19_131,2003,AU200203_05U,AU200203_05U,ERICA,DISTURBANCE_ID,23.774914614487606,57.97660193674185,100,45.0,0.8,17.5
Reef_19_131,2009,AU200809_17U,AU200809_17U,HAMISH,DISTURBANCE_ID,26.802764189629407,79.69044241870326,100,45.0,0.8,17.5
Reef_19_131,2010,AU200910_09U,AU200910_09U,ULUI,DISTURBANCE_ID,29.117304,34.55484889644881,100,45.0,0.8,17.5
Reef_19_131,2011,AU201011_11U,AU201011_11U,ANTHONY,DISTURBANCE_ID,18.519840000000002,32.15624868322736,100,45.0,0.8,17.5
Reef_19_131,2017,AU201617_24U,AU201617_24U,DEBBIE,DISTURBANCE_ID,35.75358,10.41782314561338,100,45.0,0.8,17.5
Reef_19_131,2020,AU201920_12U,AU201920_12U,HAROLD,DISTURBANCE_ID,38.377224,27.12213275300285,100,45.0,0.8,17.5
Reef_19_138,1985,AU198485_10U,AU198485_10U,PIERRE,DISTURBANCE_ID,18.519840000000002,9.291620158846559,100,45.0,0.8,17.5
Reef_19_138,1996,AU199596_07U,AU199596_07U,CELESTE,DISTURBANCE_ID,18.519840000000002,33.72329744789612,100,45.0,0.8,17.5
Reef_19_138,2003,AU200203_05U,AU200203_05U,ERICA,DISTURBANCE_ID,28.30726962939996,46.61535411314867,100,45.0,0.8,17.5
Reef_19_138,2009,AU200809_17U,AU200809_17U,HAMISH,DISTURBANCE_ID,26.29000264676222,81.63801424792645,100,45.0,0.8,17.5
Reef_19_138,2010,AU200910_09U,AU200910_09U,ULUI,DISTURBANCE_ID,29.117304,41.64927197773717,100,45.0,0.8,17.5
Reef_19_138,2011,AU201011_11U,AU201011_11U,ANTHONY,DISTURBANCE_ID,18.519840000000002,43.614153708148656,100,45.0,0.8,17.5
Reef_19_138,2017,AU201617_24U,AU201617_24U,DEBBIE,DISTURBANCE_ID,35.75358,21.886647722535766,100,45.0,0.8,17.5
Reef_19_138,2020,AU201920_12U,AU201920_12U,HAROLD,DISTURBANCE_ID,38.377224,17.00611749726792,100,45.0,0.8,17.5
Reef_20_104,1985,AU198485_10U,AU198485_10U,PIERRE,DISTURBANCE_ID,18.519840000000002,25.054757241873236,100,45.0,0.8,17.5
Reef_20_104,2003,AU200203_05U,AU200203_05U,ERICA,DISTURBANCE_ID,29.117304,18.49659368841248,100,45.0,0.8,17.5
Reef_20_104,2009,AU200809_17U,AU200809_17U,HAMISH,DISTURBANCE_ID,28.812487687609003,72.803921598127,100,45.0,0.8,17.5
Reef_20_104,2010,AU200910_09U,AU200910_09U,ULUI,DISTURBANCE_ID,29.117304,13.4972452251534,100,45.0,0.8,17.5
Reef_20_104,2017,AU201617_24U,AU201617_24U,DEBBIE,DISTURBANCE_ID,34.47760163605681,47.09129376496935,100,45.0,0.8,17.5
Reef_20_104,2020,AU201920_12U,AU201920_12U,HAROLD,DISTURBANCE_ID,38.377224,3.485520714634283,100,45.0,0.8,17.5
Reef_20_348,1980,AU197980_12U,AU197980_12U,SIMON,DISTURBANCE_ID,28.129357265325275,55.10549154199414,100,45.0,0.8,17.5
Reef_20_348,1983,AU198283_03U,AU198283_03U,ELINOR,DISTURBANCE_ID,19.857384,17.116262806128166,100,45.0,0.8,17.5
Reef_20_348,2009,AU200809_17U,AU200809_17U,HAMISH,DISTURBANCE_ID,42.338412,29.445711025615235,100,45.0,0.8,17.5
Reef_20_348,2015,AU201415_14U,AU201415_14U,MARCIA,DISTURBANCE_ID,41.000868000000004,16.952865649533884,100,45.0,0.8,17.5
Reef_20_353,1980,AU197980_12U,AU197980_12U,SIMON,DISTURBANCE_ID,29.26406905621812,52.44767620106639,100,45.0,0.8,17.5
Reef_20_353,1983,AU198283_03U,AU198283_03U,ELINOR,DISTURBANCE_ID,19.857384,14.836095972860642,100,45.0,0.8,17.5
Reef_20_353,2009,AU200809_17U,AU200809_17U,HAMISH,DISTURBANCE_ID,42.338412,37.439102933700646,100,45.0,0.8,17.5
Reef_20_353,2015,AU201415_14U,AU201415_14U,MARCIA,DISTURBANCE_ID,41.000868000000004,43.33257506323434,100,45.0,0.8,17.5
Reef_21_060,1980,AU197980_12U,AU197980_12U,SIMON,DISTURBANCE_ID,22.060562655837046,74.66617617563026,100,45.0,0.8,17.5
Reef_21_060,1983,AU198283_03U,AU198283_03U,ELINOR,DISTURBANCE_ID,19.857384,17.799880151333713,100,45.0,0.8,17.5
Reef_21_060,2009,AU200809_17U,AU200809_17U,HAMISH,DISTURBANCE_ID,34.661594519971025,57.78565600276352,100,45.0,0.8,17.5
Reef_21_060,2015,AU201415_14U,AU201415_14U,MARCIA,DISTURBANCE_ID,41.000868000000004,9.428476655519594,100,45.0,0.8,17.5
Reef_21_062,1980,AU197980_12U,AU197980_12U,SIMON,DISTURBANCE_ID,29.61148880036474,51.67962310711826,100,45.0,0.8,17.5
Reef_21_062,1983,AU198283_03U,AU198283_03U,ELINOR,DISTURBANCE_ID,19.857384,10.67176568917301,100,45.0,0.8,17.5
Reef_21_062,2009,AU200809_17U,AU200809_17U,HAMISH,DISTURBANCE_ID,42.338412,37.41932819790042,100,45.0,0.8,17.5
Reef_21_062,2015,AU201415_14U,AU201415_14U,MARCIA,DISTURBANCE_ID,41.000868000000004,37.94025259586931,100,45.0,0.8,17.5
Reef_21_064,1980,AU197980_12U,AU197980_12U,SIMON,DISTURBANCE_ID,27.456665830175943,56.79824207250754,100,45.0,0.8,17.5
Reef_21_064,1983,AU198283_03U,AU198283_03U,ELINOR,DISTURBANCE_ID,19.857384,1.9847872843362602,100,45.0,0.8,17.5
Reef_21_064,2009,AU200809_17U,AU200809_17U,HAMISH,DISTURBANCE_ID,41.71559019364843,45.84138487598493,100,45.0,0.8,17.5
Reef_21_064,2015,AU201415_14U,AU201415_14U,MARCIA,DISTURBANCE_ID,41.000868000000004,28.68064210188494,100,45.0,0.8,17.5
Reef_21_139,1980,AU197980_12U,AU197980_12U,SIMON,DISTURBANCE_ID,33.078492,27.971647542664144,100,45.0,0.8,17.5
Reef_21_139,1994,AU199394_02U,AU199394_02U,REWA,DISTURBANCE_ID,18.519840000000002,43.584839034383506,100,45.0,0.8,17.5
Reef_21_139,2009,AU200809_17U,AU200809_17U,HAMISH,DISTURBANCE_ID,42.338412,33.86039080998946,100,45.0,0.8,17.5
Reef_21_139,2015,AU201415_14U,AU201415_14U,MARCIA,DISTURBANCE_ID,25.65883004104634,80.84585621229023,100,45.0,0.8,17.5
Reef_21_187,1980,AU197980_12U,AU197980_12U,SIMON,DISTURBANCE_ID,33.078492,36.91340210495685,100,45.0,0.8,17.5
Reef_21_187,1994,AU199394_02U,AU199394_02U,REWA,DISTURBANCE_ID,22.88163362085849,50.65918695013824,100,45.0,0.8,17.5
Reef_21_187,2009,AU200809_17U,AU200809_17U,HAMISH,DISTURBANCE_ID,42.338412,27.164554536385882,100,45.0,0.8,17.5
Reef_21_187,2015,AU201415_14U,AU201415_14U,MARCIA,DISTURBANCE_ID,22.23808902226356,96.67896600414196,100,45.0,0.8,17.5
Reef_21_245,1980,AU197980_12U,AU197980_12U,SIMON,DISTURBANCE_ID,18.453347541939625,93.33632357807097,100,45.0,0.8,17.5
Reef_21_245,1992,AU199192_08U,AU199192_08U,FRAN,DISTURBANCE_ID,20.163152112743763,51.55664981074379,100,45.0,0.8,17.5
Reef_21_245,1994,AU199394_02U,AU199394_02U,REWA,DISTURBANCE_ID,25.167475902837165,53.994793911186285,100,45.0,0.8,17.5
Reef_21_245,2009,AU200809_17U,AU200809_17U,HAMISH,DISTURBANCE_ID,37.21694212812426,52.86945832085673,100,45.0,0.8,17.5
Reef_21_278,1980,AU197980_12U,AU197980_12U,SIMON,DISTURBANCE_ID,19.567033584034164,86.74379209486078,100,45.0,0.8,17.5
Reef_21_278,1994,AU199394_02U,AU199394_02U,REWA,DISTURBANCE_ID,28.302416009265766,46.625346991100486,100,45.0,0.8,17.5
Reef_21_278,2009,AU200809_17U,AU200809_17U,HAMISH,DISTURBANCE_ID,28.0926337538258,75.14328000926558,100,45.0,0.8,17.5
Reef_21_296,1984,AU198384_22U,AU198384_22U,LANCE,DISTURBANCE_ID,17.74078828881443,47.48352043593989,100,45.0,0.8,17.5
Reef_21_296,1992,AU199192_08U,AU199192_08U,FRAN,DISTURBANCE_ID,22.481028000000002,44.124619843049366,100,45.0,0.8,17.5
Reef_21_296,1994,AU199394_02U,AU199394_02U,REWA,DISTURBANCE_ID,29.117304,43.10882968406676,100,45.0,0.8,17.5
Reef_21_296,2009,AU200809_17U,AU200809_17U,HAMISH,DISTURBANCE_ID,34.11008801109941,58.9558859124533,100,45.0,0.8,17.5
Reef_21_302,1984,AU198384_22U,AU198384_22U,LANCE,DISTURBANCE_ID,18.519840000000002,37.63433938619832,100,45.0,0.8,17.5
Reef_21_302,1992,AU199192_08U,AU199192_08U,FRAN,DISTURBANCE_ID,22.481028000000002,33.811610972729056,100,45.0,0.8,17.5
Reef_21_302,1994,AU199394_02U,AU199394_02U,REWA,DISTURBANCE_ID,29.117304,38.849231484280885,100,45.0,0.8,17.5
Reef_21_302,2009,AU200809_17U,AU200809_17U,HAMISH,DISTURBANCE_ID,36.54551541218163,54.08640373506701,100,45.0,0.8,17.5
Reef_21_529,1980,AU197980_12U,AU197980_12U,SIMON,DISTURBANCE_ID,17.60219898613459,99.01157844665707,100,45.0,0.8,17.5
Reef_21_529,1992,AU199192_08U,AU199192_08U,FRAN,DISTURBANCE_ID,22.481028000000002,24.681338289785263,100,45.0,0.8,17.5
Reef_21_529,1994,AU199394_02U,AU199394_02U,REWA,DISTURBANCE_ID,25.156116,14.210241745840907,100,45.0,0.8,17.5
Reef_21_529,2009,AU200809_17U,AU200809_17U,HAMISH,DISTURBANCE_ID,42.338412,32.12984933665408,100,45.0,0.8,17.5
Reef_21_550,1992,AU199192_08U,AU199192_08U,FRAN,DISTURBANCE_ID,22.481028000000002,19.25969322769612,100,45.0,0.8,17.5
Reef_21_550,1994,AU199394_02U,AU199394_02U,REWA,DISTURBANCE_ID,25.156116,29.986141183636946,100,45.0,0.8,17.5
Reef_21_550,2009,AU200809_17U,AU200809_17U,HAMISH,DISTURBANCE_ID,42.338412,7.106547482192246,100,45.0,0.8,17.5
Reef_21_558,1984,AU198384_22U,AU198384_22U,LANCE,DISTURBANCE_ID,18.519840000000002,31.23093457717882,100,45.0,0.8,17.5
Reef_21_558,1992,AU199192_08U,AU199192_08U,FRAN,DISTURBANCE_ID,22.481028000000002,22.788575543000153,100,45.0,0.8,17.5
Reef_21_558,1994,AU199394_02U,AU199394_02U,REWA,DISTURBANCE_ID,29.117304,40.51925486052654,100,45.0,0.8,17.5
Reef_21_558,2009,AU200809_17U,AU200809_17U,HAMISH,DISTURBANCE_ID,42.338412,42.93858035027262,100,45.0,0.8,17.5
Reef_21_591,1980,AU197980_12U,AU197980_12U,SIMON,DISTURBANCE_ID,18.853220037010047,90.86836662188536,100,45.0,0.8,17.5
Reef_21_591,1983,AU198283_03U,AU198283_03U,ELINOR,DISTURBANCE_ID,19.857384,39.90837977274481,100,45.0,0.8,17.5
Reef_21_591,1985,AU198485_10U,AU198485_10U,PIERRE,DISTURBANCE_ID,18.519840000000002,38.865370908648245,100,45.0,0.8,17.5
Reef_21_591,2009,AU200809_17U,AU200809_17U,HAMISH,DISTURBANCE_ID,27.05059803661401,78.77884896074978,100,45.0,0.8,17.5
Reef_21_591,2015,AU201415_14U,AU201415_14U,MARCIA,DISTURBANCE_ID,41.000868000000004,13.20432988984536,100,45.0,0.8,17.5
Reef_22_084,1984,AU198384_22U,AU198384_22U,LANCE,DISTURBANCE_ID,18.519840000000002,44.01875059258294,100,45.0,0.8,17.5
Reef_22_084,1992,AU199192_08U,AU199192_08U,FRAN,DISTURBANCE_ID,22.481028000000002,23.260641513451457,100,45.0,0.8,17.5
Reef_22_084,1994,AU199394_02U,AU199394_02U,REWA,DISTURBANCE_ID,29.117304,43.545844900132806,100,45.0,0.8,17.5
Reef_22_084,2009,AU200809_17U,AU200809_17U,HAMISH,DISTURBANCE_ID,42.338412,0.17062785966610833,100,45.0,0.8,17.5
Rib_Reef,2000,AU199900_09U,AU199900_09U,TESSI,DISTURBANCE_ID,25.534092598201067,47.00935454573095,100,45.0,0.8,17.5
Rib_Reef,2011,AU201011_14U,AU201011_14U,YASI,DISTURBANCE_ID,24.990323444774635,83.55818174856414,100,45.0,0.8,17.5
Rib_Reef,2020,AU201920_12U,AU201920_12U,HAROLD,DISTURBANCE_ID,29.403828764923375,62.77686212573352,100,45.0,0.8,17.5
Rib_Reef,2024,AU202324_05U,AU202324_05U,KIRRILY,DISTURBANCE_ID,20.33621338401001,54.83016486582829,100,45.0,0.8,17.5
Roxburgh_Reef,2000,AU199900_09U,AU199900_09U,TESSI,DISTURBANCE_ID,22.481028000000002,37.00265746315839,100,45.0,0.8,17.5
Roxburgh_Reef,2006,AU200506_15U,AU200506_15U,LARRY,DISTURBANCE_ID,19.086659800778104,98.61648424560234,100,45.0,0.8,17.5
Roxburgh_Reef,2011,AU201011_14U,AU201011_14U,YASI,DISTURBANCE_ID,24.203893128179825,86.96555925749885,100,45.0,0.8,17.5
Roxburgh_Reef,2020,AU201920_12U,AU201920_12U,HAROLD,DISTURBANCE_ID,27.593341999822755,67.96715327408901,100,45.0,0.8,17.5
Roxburgh_Reef,2024,AU202324_05U,AU202324_05U,KIRRILY,DISTURBANCE_ID,21.582378756088357,50.90178675259773,100,45.0,0.8,17.5
Sand_bank_No_1,1981,AU198081_08U,AU198081_08U,EDDIE,DISTURBANCE_ID,18.519840000000002,12.364797902828528,100,45.0,0.8,17.5
Sand_bank_No_1,1990,AU198990_10U,AU198990_10U,IVOR,DISTURBANCE_ID,33.078492,15.196675076726546,100,45.0,0.8,17.5
Sand_bank_No_1,2005,AU200405_07U,AU200405_07U,INGRID,DISTURBANCE_ID,24.701863006378385,84.77966407470437,100,45.0,0.8,17.5
Sand_bank_No_1,2014,AU201314_15U,AU201314_15U,ITA,DISTURBANCE_ID,30.910350309408095,64.05808018237519,100,45.0,0.8,17.5
Sand_bank_No_1,2015,AU201415_17U,AU201415_17U,NATHAN,DISTURBANCE_ID,27.77976,39.70060441063135,100,45.0,0.8,17.5
Sand_bank_No_1,2022,AU202122_10U,AU202122_10U,TIFFANY,DISTURBANCE_ID,19.857384,10.95270027448931,100,45.0,0.8,17.5
Slate_Reef,1996,AU199596_07U,AU199596_07U,CELESTE,DISTURBANCE_ID,18.519840000000002,44.53429518472847,100,45.0,0.8,17.5
Slate_Reef,2003,AU200203_05U,AU200203_05U,ERICA,DISTURBANCE_ID,27.295255775047657,48.78569590089933,100,45.0,0.8,17.5
Slate_Reef,2009,AU200809_17U,AU200809_17U,HAMISH,DISTURBANCE_ID,42.338412,27.883015610169235,100,45.0,0.8,17.5
Slate_Reef,2010,AU200910_09U,AU200910_09U,ULUI,DISTURBANCE_ID,29.117304,31.629969118094323,100,45.0,0.8,17.5
Slate_Reef,2017,AU201617_24U,AU201617_24U,DEBBIE,DISTURBANCE_ID,35.75358,25.126254140195904,100,45.0,0.8,17.5
Slate_Reef,2020,AU201920_12U,AU201920_12U,HAROLD,DISTURBANCE_ID,38.377224,36.706517584817675,100,45.0,0.8,17.5
Small_Lagoon_Reef,1984,AU198384_22U,AU198384_22U,LANCE,DISTURBANCE_ID,18.519840000000002,34.112571950570924,100,45.0,0.8,17.5
Small_Lagoon_Reef,1992,AU199192_08U,AU199192_08U,FRAN,DISTURBANCE_ID,22.481028000000002,11.121119534072616,100,45.0,0.8,17.5
Small_Lagoon_Reef,1994,AU199394_02U,AU199394_02U,REWA,DISTURBANCE_ID,29.117304,39.85928106263098,100,45.0,0.8,17.5
Small_Lagoon_Reef,2009,AU200809_17U,AU200809_17U,HAMISH,DISTURBANCE_ID,42.338412,14.208037304223037,100,45.0,0.8,17.5
Snake_Reef,1980,AU197980_12U,AU197980_12U,SIMON,DISTURBANCE_ID,18.551921284655386,92.71681955728738,100,45.0,0.8,17.5
Snake_Reef,1992,AU199192_08U,AU199192_08U,FRAN,DISTURBANCE_ID,22.481028000000002,36.392173649446505,100,45.0,0.8,17.5
Snake_Reef,1994,AU199394_02U,AU199394_02U,REWA,DISTURBANCE_ID,25.156116,15.984880690665694,100,45.0,0.8,17.5
Snake_Reef,2009,AU200809_17U,AU200809_17U,HAMISH,DISTURBANCE_ID,42.338412,24.914436842646644,100,45.0,0.8,17.5
St_Crispin_Reef,1999,AU199899_09U,AU199899_09U,RONA,DISTURBANCE_ID,19.857384,14.298107269128641,100,45.0,0.8,17.5
St_Crispin_Reef,2014,AU201314_15U,AU201314_15U,ITA,DISTURBANCE_ID,19.993910025930884,93.05501097637502,100,45.0,0.8,17.5
St_Crispin_Reef,2024,AU202324_02U,AU202324_02U,JASPER,DISTURBANCE_ID,18.519840000000002,32.74742198167776,100,45.0,0.8,17.5
Taylor_Reef,1986,AU198586_06U,AU198586_06U,WINIFRED,DISTURBANCE_ID,31.740948000000003,36.74238398495739,100,45.0,0.8,17.5
Taylor_Reef,2006,AU200506_15U,AU200506_15U,LARRY,DISTURBANCE_ID,37.039680000000004,43.451835165687704,100,45.0,0.8,17.5
Taylor_Reef,2011,AU201011_14U,AU201011_14U,YASI,DISTURBANCE_ID,41.000868000000004,43.451835165687704,100,45.0,0.8,17.5
Tern_Island,1985,AU198485_10U,AU198485_10U,PIERRE,DISTURBANCE_ID,18.519840000000002,13.16843716185528,100,45.0,0.8,17.5
Tern_Island,2015,AU201415_14U,AU201415_14U,MARCIA,DISTURBANCE_ID,38.59638811474957,48.53114036882568,100,45.0,0.8,17.5
Thetford_Reef,1986,AU198586_06U,AU198586_06U,WINIFRED,DISTURBANCE_ID,21.409672816260816,62.3175810868131,100,45.0,0.8,17.5
Thetford_Reef,1990,AU198990_02U,AU198990_02U,FELICITY,DISTURBANCE_ID,21.760466282362053,46.8702721754853,100,45.0,0.8,17.5
Thetford_Reef,1991,AU199091_02U,AU199091_02U,JOY,DISTURBANCE_ID,20.31405414732738,54.90493823554408,100,45.0,0.8,17.5
Thetford_Reef,2006,AU200506_15U,AU200506_15U,LARRY,DISTURBANCE_ID,24.53324895423199,72.05565976339004,100,45.0,0.8,17.5
Thetford_Reef,2010,AU200910_07U,AU200910_07U,OLGA,DISTURBANCE_ID,18.519840000000002,15.019735596631127,100,45.0,0.8,17.5
Thetford_Reef,2011,AU201011_14U,AU201011_14U,YASI,DISTURBANCE_ID,21.73302444896565,99.49554075916711,100,45.0,0.8,17.5
Turner_Cay,1984,AU198384_22U,AU198384_22U,LANCE,DISTURBANCE_ID,18.519840000000002,25.00587649325064,100,45.0,0.8,17.5
Turner_Cay,1992,AU199192_08U,AU199192_08U,FRAN,DISTURBANCE_ID,22.481028000000002,3.881490764169079,100,45.0,0.8,17.5
Turner_Cay,1994,AU199394_02U,AU199394_02U,REWA,DISTURBANCE_ID,29.117304,37.38787663184673,100,45.0,0.8,17.5
Turner_Cay,2009,AU200809_17U,AU200809_17U,HAMISH,DISTURBANCE_ID,42.338412,29.55993385984899,100,45.0,0.8,17.5
Wade_Reef,1984,AU198384_22U,AU198384_22U,LANCE,DISTURBANCE_ID,18.519840000000002,25.824827795303364,100,45.0,0.8,17.5
Wade_Reef,1992,AU199192_08U,AU199192_08U,FRAN,DISTURBANCE_ID,22.481028000000002,27.480830950393923,100,45.0,0.8,17.5
Wade_Reef,1994,AU199394_02U,AU199394_02U,REWA,DISTURBANCE_ID,29.117304,24.990492874247437,100,45.0,0.8,17.5
Wade_Reef,2009,AU200809_17U,AU200809_17U,HAMISH,DISTURBANCE_ID,42.338412,14.302959436763386,100,45.0,0.8,17.5
Wreck_Island,1980,AU197980_12U,AU197980_12U,SIMON,DISTURBANCE_ID,33.078492,37.460650472594956,100,45.0,0.8,17.5
Wreck_Island,1992,AU199192_08U,AU199192_08U,FRAN,DISTURBANCE_ID,18.519840000000002,15.342366195004058,100,45.0,0.8,17.5
Wreck_Island,1994,AU199394_02U,AU199394_02U,REWA,DISTURBANCE_ID,18.66072077154937,78.47673873380027,100,45.0,0.8,17.5
Yonge_Reef,1990,AU198990_10U,AU198990_10U,IVOR,DISTURBANCE_ID,25.035884690936815,63.74424235389767,100,45.0,0.8,17.5
Yonge_Reef,2014,AU201314_15U,AU201314_15U,ITA,DISTURBANCE_ID,41.000868000000004,24.723559360484078,100,45.0,0.8,17.5
Yonge_Reef,2015,AU201415_17U,AU201415_17U,NATHAN,DISTURBANCE_ID,29.117304,42.41245727618323,100,45.0,0.8,17.5
Double_Cone_Island,1996,AU199596_07U,AU199596_07U,CELESTE,DISTURBANCE_ID,18.519840000000002,34.90741614120096,100,45.0,0.8,17.5
Double_Cone_Island,2003,AU200203_05U,AU200203_05U,ERICA,DISTURBANCE_ID,19.486156982948355,74.34362243332667,100,45.0,0.8,17.5
Double_Cone_Island,2010,AU200910_09U,AU200910_09U,ULUI,DISTURBANCE_ID,29.117304,15.601795037819274,100,45.0,0.8,17.5
Double_Cone_Island,2011,AU201011_11U,AU201011_11U,ANTHONY,DISTURBANCE_ID,18.519840000000002,21.06300934869166,100,45.0,0.8,17.5
Double_Cone_Island,2014,AU201314_07U,AU201314_07U,DYLAN,DISTURBANCE_ID,19.857384,22.204136109625,100,45.0,0.8,17.5
Double_Cone_Island,2017,AU201617_24U,AU201617_24U,DEBBIE,DISTURBANCE_ID,33.078492,25.640467514477464,100,45.0,0.8,17.5
Double_Cone_Island,2020,AU201920_12U,AU201920_12U,HAROLD,DISTURBANCE_ID,38.377224,10.508787214949745,100,45.0,0.8,17.5
Dunk_Island,1986,AU198586_06U,AU198586_06U,WINIFRED,DISTURBANCE_ID,31.740948000000003,39.320455796341214,100,45.0,0.8,17.5
Dunk_Island,2006,AU200506_15U,AU200506_15U,LARRY,DISTURBANCE_ID,37.039680000000004,42.10759152198427,100,45.0,0.8,17.5
Dunk_Island,2011,AU201011_14U,AU201011_14U,YASI,DISTURBANCE_ID,41.000868000000004,5.376679539145412,100,45.0,0.8,17.5
Geoffrey_Bay,1988,AU198788_04U,AU198788_04U,CHARLIE,DISTURBANCE_ID,21.13910975172319,67.14954863085251,100,45.0,0.8,17.5
Geoffrey_Bay,1989,AU198889_09U,AU198889_09U,AIVU,DISTURBANCE_ID,23.155386087422322,91.91550848041105,100,45.0,0.8,17.5
Geoffrey_Bay,2000,AU199900_09U,AU199900_09U,TESSI,DISTURBANCE_ID,26.442216,28.952401951518876,100,45.0,0.8,17.5
Geoffrey_Bay,2020,AU201920_12U,AU201920_12U,HAROLD,DISTURBANCE_ID,38.377224,11.711286335950028,100,45.0,0.8,17.5
Geoffrey_Bay,2024,AU202324_05U,AU202324_05U,KIRRILY,DISTURBANCE_ID,23.818572,10.861771578150398,100,45.0,0.8,17.5
High_Island,1986,AU198586_06U,AU198586_06U,WINIFRED,DISTURBANCE_ID,29.237043316367057,49.86784108088822,100,45.0,0.8,17.5
High_Island,1990,AU198990_02U,AU198990_02U,FELICITY,DISTURBANCE_ID,22.481028000000002,11.585900856372318,100,45.0,0.8,17.5
High_Island,2006,AU200506_15U,AU200506_15U,LARRY,DISTURBANCE_ID,37.039680000000004,44.741233721029076,100,45.0,0.8,17.5
High_Island,2010,AU200910_07U,AU200910_07U,OLGA,DISTURBANCE_ID,18.519840000000002,38.894482165306975,100,45.0,0.8,17.5
High_Island,2011,AU201011_14U,AU201011_14U,YASI,DISTURBANCE_ID,26.74298677799669,76.76998229607945,100,45.0,0.8,17.5
Hook_Island,1996,AU199596_07U,AU199596_07U,CELESTE,DISTURBANCE_ID,18.519840000000002,42.833516324676204,100,45.0,0.8,17.5
Hook_Island,2003,AU200203_05U,AU200203_05U,ERICA,DISTURBANCE_ID,25.975606849022434,51.90322417874762,100,45.0,0.8,17.5
Hook_Island,2010,AU200910_09U,AU200910_09U,ULUI,DISTURBANCE_ID,29.117304,3.1767172521750053,100,45.0,0.8,17.5
Hook_Island,2011,AU201011_11U,AU201011_11U,ANTHONY,DISTURBANCE_ID,18.519840000000002,39.66967973508928,100,45.0,0.8,17.5
Hook_Island,2014,AU201314_07U,AU201314_07U,DYLAN,DISTURBANCE_ID,19.857384,44.627854784782706,100,45.0,0.8,17.5
Hook_Island,2017,AU201617_24U,AU201617_24U,DEBBIE,DISTURBANCE_ID,33.078492,23.10823997735742,100,45.0,0.8,17.5
Hook_Island,2020,AU201920_12U,AU201920_12U,HAROLD,DISTURBANCE_ID,38.377224,17.735052852478212,100,45.0,0.8,17.5
Humpy_Island_and_Halfway_Island,1980,AU197980_12U,AU197980_12U,SIMON,DISTURBANCE_ID,28.108592430880705,55.1563817660028,100,45.0,0.8,17.5
Humpy_Island_and_Halfway_Island,1985,AU198485_10U,AU198485_10U,PIERRE,DISTURBANCE_ID,18.519840000000002,24.18850471436734,100,45.0,0.8,17.5
Humpy_Island_and_Halfway_Island,2015,AU201415_14U,AU201415_14U,MARCIA,DISTURBANCE_ID,37.039680000000004,28.371228688504083,100,45.0,0.8,17.5
Pelican_Island,1980,AU197980_12U,AU197980_12U,SIMON,DISTURBANCE_ID,25.96373190559422,60.90959990630919,100,45.0,0.8,17.5
Pelican_Island,1985,AU198485_10U,AU198485_10U,PIERRE,DISTURBANCE_ID,18.519840000000002,29.61025932132567,100,45.0,0.8,17.5
Pelican_Island,2015,AU201415_14U,AU201415_14U,MARCIA,DISTURBANCE_ID,37.039680000000004,18.83147792503705,100,45.0,0.8,17.5
Seaforth_Island,2003,AU200203_05U,AU200203_05U,ERICA,DISTURBANCE_ID,29.117304,42.624004472168224,100,45.0,0.8,17.5
Seaforth_Island,2010,AU200910_09U,AU200910_09U,ULUI,DISTURBANCE_ID,29.117304,32.84440197661534,100,45.0,0.8,17.5
Seaforth_Island,2017,AU201617_24U,AU201617_24U,DEBBIE,DISTURBANCE_ID,28.361721852373066,54.54172885017366,100,45.0,0.8,17.5
Seaforth_Island,2020,AU201920_12U,AU201920_12U,HAROLD,DISTURBANCE_ID,34.20488480317768,51.963009391351264,100,45.0,0.8,17.5
Snapper_Island,1999,AU199899_09U,AU199899_09U,RONA,DISTURBANCE_ID,19.857384,15.18334361787942,100,45.0,0.8,17.5
Snapper_Island,2014,AU201314_15U,AU201314_15U,ITA,DISTURBANCE_ID,25.41736998508403,68.93641081428011,100,45.0,0.8,17.5
Snapper_Island,2024,AU202324_02U,AU202324_02U,JASPER,DISTURBANCE_ID,18.482799870753567,45.1127550452543,100,45.0,0.8,17.5
