reef_name,region_lat,sector,start_year,event_year,target_year,end_year,nadir_year,final_year,gap_years,time_gap_years,sequence_type,sequence_type_primary,seq_category_main,seq_category,start_event_type,target_event_type,start_disturbance_type,target_disturbance_type,baseline_start_year,baseline_end_year,baseline_survey_n,baseline_hc,baseline_juv,baseline_algae,nadir_hc,nadir_juv,nadir_algae,final_hc,final_juv,final_algae,rel_loss,recovery_rate,recovery_pct,cots_lag_3yr,initial_cots,initial_herbivore,start_max_wind,start_max_dhw,target_max_wind,target_max_dhw,storm_exposure_seq,heat_exposure_seq,drop_abs,impact_flag,recovery_gain_abs,recovery_observed_flag,recovery_frac_loss,recovered_flag,fate_status,disturbance_group,baseline_hc_median,baseline_hc_group,baseline_hc_c
Agincourt_Reef_No_1,-16.05227777777778,Central,2016,2016,2017.0,2017,2017,2021.0,1.0,1.0,H -> H,H_to_H,H_to_H,H_to_H,Heatwave,Heatwave,Isolated Heatwave (Moderate),Isolated Heatwave (Severe),2011,2014,4,17.99336030421532,23.604719536723618,1.7733145254565428,12.949162076156034,19.852457096319664,4.271882521332042,23.91429529595699,14.365151581168542,3.34399228211633,0.2803366432270895,2.741283304950239,0.6093988579349542,0.0,0.0,50.79299739384481,0.0,6.890000000000001,0.0,8.16,0.0,15.05,5.044198228059285,1,10.965133219800956,1,2.173810925749384,1.0,recovered,Heat-linked,21.631033898414216,Low baseline HC,-5.883455009340974
Agincourt_Reef_No_1,-16.05227777777778,Central,2020,2020,2022.0,2025,2025,,2.0,2.0,H -> H,H_to_H,H_to_H,H_to_H,Heatwave,Heatwave,Isolated Heatwave (Moderate),Isolated Heatwave (Moderate),2015,2018,4,18.460706421547467,32.22248190521994,3.2515046654988313,31.8571367354726,12.569310076446945,2.705352337545164,,,,-0.7256726805583521,,,0.0,0.0,55.934834330900166,0.0,7.74,0.0,4.33,0.0,12.07,-13.396430313925134,0,,0,,,non_impact,Heat-linked,21.631033898414216,Low baseline HC,-5.416108892008825
Agincourt_Reef_No_1,-16.05227777777778,Central,2024,2024,2024.0,2025,2025,,0.0,0.0,S -> H,S_to_H,S_to_H,S_to_H,Storm,Heatwave,Sequential S->H (Same Year),Sequential S->H (Same Year),2019,2021,3,22.012397980446547,14.750578751298727,3.2286643623664673,31.8571367354726,12.569310076446945,2.705352337545164,,,,-0.4472360877615907,,,0.0,0.0,71.54764343637723,18.51984,0.0,0.0,6.97,18.51984,6.97,-9.844738755026054,0,,0,,,non_impact,Storm-linked,21.631033898414216,High baseline HC,-1.8644173331097456
Agincourt_Reef_No_1,-16.05227777777778,Central,2025,2025,,2025,2025,,,,Isolated Heatwave,Isolated_Heatwave,Isolated_Heatwave,Isolated_Heatwave,Heatwave,,Isolated Heatwave (Moderate),,2020,2023,3,27.602335891490565,13.949289416594638,3.3491106981913865,31.8571367354726,12.569310076446945,2.705352337545164,,,,-0.15414640488067297,,,0.0,0.0,120.2055667364408,0.0,5.16,0.0,0.0,0.0,5.16,-4.254800843982036,0,,0,,,non_impact,Heat-linked,21.631033898414216,High baseline HC,3.7255205779342724
Arlington_Reef,-16.67,Central,2010,2010,,2012,2012,2016.0,,,Isolated Storm,Isolated_Storm,Isolated_Storm,Isolated_Storm,Storm,,Isolated Storm,,2006,2008,2,19.10446985280462,10.959633510095776,2.079305620021,15.322870762820756,11.415632737668751,2.4755071049552178,24.198395391062203,16.00941230996602,4.047671844180469,0.19794315775942395,2.2188811570603617,0.4645784309444463,0.0,0.0,47.11245400565795,18.51984,1.45,0.0,0.0,18.51984,1.45,3.781599089983864,0,8.875524628241447,1,,,non_impact,Storm-linked,21.631033898414216,Low baseline HC,-4.772345460751673
Arlington_Reef,-16.67,Central,2017,2017,2020.0,2020,2020,2024.0,3.0,3.0,H -> H,H_to_H,H_to_H,H_to_H,Heatwave,Heatwave,Isolated Heatwave (Severe),Isolated Heatwave (Moderate),2012,2014,2,16.73965874852992,16.12475557872026,2.502862838714818,12.368085640141906,4.944192212117626,2.0307377290998203,30.25943190152201,,,0.26115067063550057,4.472836565345026,1.0687999397210726,0.12,0.02,43.77562745263068,0.0,10.87,0.0,7.5,0.0,18.369999999999997,4.371573108388013,0,17.891346261380104,1,,,non_impact,Heat-linked,21.631033898414216,Low baseline HC,-7.137156565026373
Arlington_Reef,-16.67,Central,2022,2022,2024.0,2024,2024,,2.0,2.0,H -> H,H_to_H,H_to_H,H_to_H,Heatwave,Heatwave,Isolated Heatwave (Moderate),Isolated Heatwave (Moderate),2017,2020,3,14.527789159474084,8.75918340224225,3.869431507984432,30.25943190152201,,,,,,-1.0,,,0.0,0.0,,0.0,4.86,0.0,7.99,0.0,12.850000000000001,-15.731642742047926,0,,0,,,non_impact,Heat-linked,21.631033898414216,Low baseline HC,-9.349026154082209
Border_Island,-20.163497222222222,South,2011,2011,,2013,2013,2017.0,,,Isolated Storm,Isolated_Storm,Isolated_Storm,Isolated_Storm,Storm,,Isolated Storm,,2007,2009,2,24.93285395914772,6.059948885086145,0.07345724246335925,29.175529693036413,15.248228356922798,0.3932288357620835,33.36956898999796,17.04148985607962,0.079258367748203,-0.1701640630807962,1.0485098242403863,0.1682133663411916,0.0,0.0,8.697902886917786,18.09499186687058,0.0,0.0,0.0,18.09499186687058,0.0,-4.242675733888692,0,4.194039296961545,1,,,non_impact,Storm-linked,21.631033898414216,High baseline HC,1.0560386455914283
Border_Island,-20.163497222222222,South,2022,2022,2024.0,2025,2025,,2.0,2.0,H -> H,H_to_H,H_to_H,H_to_H,Heatwave,Heatwave,Isolated Heatwave (Moderate),Isolated Heatwave (Moderate),2017,2019,2,26.158134603225346,10.139220809726913,0.13553245269662734,17.624333176752504,11.648638134698407,0.1228335069394316,,,,0.32623891404781624,,,0.0,0.0,23.84691315992115,0.0,4.51,0.0,6.890000000000001,0.0,11.4,8.533801426472841,1,,0,,,recovery_unobserved,Heat-linked,21.631033898414216,High baseline HC,2.281319289669053
Broomfield_Reef,-23.267013888888886,South,2024,2024,,2026,2026,,,,Isolated Heatwave,Isolated_Heatwave,Isolated_Heatwave,Isolated_Heatwave,Heatwave,,Isolated Heatwave (Severe),,2019,2022,4,62.21350904012476,10.701094365073779,0.5527280404762114,16.127130702547838,,,,,,0.7407776710979829,,,0.0,0.0,74.50850070321982,0.0,11.6,0.0,0.0,0.0,11.6,46.086378337576924,1,,0,,,recovery_unobserved,Heat-linked,21.631033898414216,High baseline HC,38.33669372656847
Carter_Reef,-14.532222222222224,North-Central,2015,2015,2016.0,2017,2017,2021.0,1.0,1.0,S -> H,S_to_H,S_to_H,S_to_H,Storm,Heatwave,Isolated Storm,Isolated Heatwave (Severe),2011,2013,2,35.79329247797375,21.518858749150674,2.5904012947885207,8.104976487662167,7.91668237363798,7.785823213397718,21.09589460917397,14.806250197551114,8.790119292937632,0.7735615830074934,3.247729530377951,0.3629428091731453,0.0,0.0,53.527974679443446,29.117304,1.55,0.0,11.32,29.117304,12.870000000000001,27.688315990311583,1,12.990918121511804,1,0.4691841181694638,0.0,failed,Storm-linked,21.631033898414216,High baseline HC,11.916477164417458
Carter_Reef,-14.532222222222224,North-Central,2017,2017,2020.0,2021,2021,2025.0,3.0,3.0,H -> H,H_to_H,H_to_H,H_to_H,Heatwave,Heatwave,Isolated Heatwave (Severe),Isolated Heatwave (Moderate),2013,2015,2,27.208069062002842,33.06084125109961,4.237405924919057,21.09589460917397,14.806250197551114,8.790119292937632,40.484227499534,20.28960078428541,4.921865338157798,0.22464565342362966,4.847083222590007,0.7125949602001199,0.0,0.0,55.12393092886519,0.0,9.04,0.0,7.72,0.0,16.759999999999998,6.112174452828871,1,19.38833289036003,1,3.1720843441218554,1.0,recovered,Heat-linked,21.631033898414216,High baseline HC,3.3312537484465494
Carter_Reef,-14.532222222222224,North-Central,2021,2021,2024.0,2024,2024,,3.0,3.0,H -> H,H_to_H,H_to_H,H_to_H,Heatwave,Heatwave,Isolated Heatwave (Moderate),Isolated Heatwave (Severe),2017,2019,2,9.83840051863966,14.147401347574084,7.839510796463884,36.737069573040905,23.46214239817253,4.831727358797042,,,,-1.0,,,0.0,0.0,60.08656461399352,0.0,4.59,0.0,8.21,0.0,12.8,-26.898669054401246,0,,0,,,non_impact,Heat-linked,21.631033898414216,Low baseline HC,-14.038414794916633
Carter_Reef,-14.532222222222224,North-Central,2022,2022,2022.0,2022,2022,2025.0,0.0,0.0,S -> H,S_to_H,S_to_H,S_to_H,Storm,Heatwave,Sequential S->H (Same Year),Sequential S->H (Same Year),2017,2019,2,9.83840051863966,14.147401347574084,7.839510796463884,28.411659396758232,17.093379085395743,8.248372513250768,40.484227499534,20.28960078428541,4.921865338157798,-1.0,4.024189367591923,1.2270864638925092,0.0,0.0,73.4011908603668,18.839023748904825,0.0,0.0,4.64,18.839023748904825,4.64,-18.573258878118573,0,12.072568102775769,1,,,non_impact,Storm-linked,21.631033898414216,Low baseline HC,-14.038414794916633
Carter_Reef,-14.532222222222224,North-Central,2025,2025,,2025,2025,,,,Isolated Heatwave,Isolated_Heatwave,Isolated_Heatwave,Isolated_Heatwave,Heatwave,,Isolated Heatwave (Severe),,2021,2023,3,26.66446139014558,16.815988212286044,8.536402477309196,40.484227499534,20.28960078428541,4.921865338157798,,,,-0.5182840900921333,,,0.0,0.0,64.81637874170576,0.0,8.02,0.0,0.0,0.0,8.02,-13.819766109388421,0,,0,,,non_impact,Heat-linked,21.631033898414216,High baseline HC,2.7876460765892865
Centipede_Reef,-18.74194444444445,Central,1989,1989,,1991,1991,,,,Isolated Storm,Isolated_Storm,Isolated_Storm,Isolated_Storm,Storm,,Isolated Storm,,1986,1987,2,20.106518300477507,,,15.913749280015423,,,,,,0.20852784941699778,,,0.11,0.57,,35.846474190771644,0.33,0.0,0.0,35.846474190771644,0.33,4.192769020462084,0,,0,,,non_impact,Storm-linked,21.631033898414216,Low baseline HC,-3.7702970130787854
Centipede_Reef,-18.74194444444445,Central,2022,2022,,2025,2025,,,,Isolated Heatwave,Isolated_Heatwave,Isolated_Heatwave,Isolated_Heatwave,Heatwave,,Isolated Heatwave (Moderate),,2018,2020,2,18.853831003810697,12.35140730664951,5.835031036396741,16.993564399489443,,,,,,0.09866783063586708,,,0.0033333333333333335,0.0,,0.0,5.04,0.0,0.0,0.0,5.04,1.8602666043212537,0,,0,,,non_impact,Heat-linked,21.631033898414216,Low baseline HC,-5.0229843097455955
Chicken_Reef,-18.661952777777778,Central,2017,2017,,2017,2017,2021.0,,,Isolated Heatwave,Isolated_Heatwave,Isolated_Heatwave,Isolated_Heatwave,Heatwave,,Isolated Heatwave (Moderate),,2012,2015,4,12.165219619874634,23.20553340281848,2.6242568202178167,25.00060267131752,30.738111870243703,2.7548013699174514,44.55431412108499,22.35707745244986,2.429987073012166,-1.0,4.888427862441868,1.6073455359426532,0.0,0.0,72.07376418347559,0.0,5.36,0.0,0.0,0.0,5.36,-12.835383051442886,0,19.553711449767473,1,,,non_impact,Heat-linked,21.631033898414216,Low baseline HC,-11.711595693681659
Chicken_Reef,-18.661952777777778,Central,2022,2022,2025.0,2025,2025,,3.0,3.0,H -> H,H_to_H,H_to_H,H_to_H,Heatwave,Heatwave,Isolated Heatwave (Moderate),Isolated Heatwave (Moderate),2017,2020,3,30.228769872782795,22.10167221334436,2.6705932187243433,40.47068978248909,24.78464301539492,2.140035565425732,,,,-0.3388136517896434,,,0.0,0.0,55.03161881602463,0.0,5.45,0.0,4.89,0.0,10.34,-10.241919909706294,0,,0,,,non_impact,Heat-linked,21.631033898414216,High baseline HC,6.3519545592265025
Chicken_Reef,-18.661952777777778,Central,2024,2024,2024.0,2025,2025,,0.0,0.0,S -> H,S_to_H,S_to_H,S_to_H,Storm,Heatwave,Sequential S->H (Same Year),Sequential S->H (Same Year),2020,2022,3,43.04859314842903,22.462965942328864,2.1180616258292444,40.47068978248909,24.78464301539492,2.140035565425732,,,,0.05988356825161461,,,0.0,0.0,72.39226507631636,23.818572,0.0,0.0,6.04,23.818572,6.04,2.577903365939939,0,,0,,,non_impact,Storm-linked,21.631033898414216,High baseline HC,19.171777834872735
Chinaman_Reef_22_102,-22.01736111111111,South,2004,2004,,2006,2006,2010.0,,,Isolated Heatwave,Isolated_Heatwave,Isolated_Heatwave,Isolated_Heatwave,Heatwave,,Isolated Heatwave (Moderate),,1999,2002,4,35.83145658397095,,1.1409913581760298,36.82744412083712,,0.1429143097637326,31.327529008719058,27.85051663267528,0.6095742544746471,-0.02779645685159573,-1.374978778029516,-0.15349404228736901,14.703333333333333,0.36,23.161050470880323,0.0,4.2700000000000005,0.0,0.0,0.0,4.2700000000000005,-0.9959875368661741,0,-5.499915112118064,1,,,non_impact,Heat-linked,21.631033898414216,High baseline HC,11.954641270414655
Chinaman_Reef_22_102,-22.01736111111111,South,2009,2009,,2012,2012,2016.0,,,Isolated Storm,Isolated_Storm,Isolated_Storm,Isolated_Storm,Storm,,Isolated Storm,,2004,2006,3,38.37955175516171,,0.682306111298852,24.350881585429992,,,40.44939711117448,50.155431733526925,0.5391391054480528,0.3655245965149915,4.024628881436121,0.41945553789797396,0.01,0.06,42.08521630763657,42.338412,0.77,0.0,0.0,42.338412,0.77,14.028670169731715,1,16.098515525744485,1,1.1475439461452785,1.0,recovered,Storm-linked,21.631033898414216,High baseline HC,14.502736441605414
Chinaman_Reef_22_102,-22.01736111111111,South,2024,2024,,2025,2025,,,,Isolated Heatwave,Isolated_Heatwave,Isolated_Heatwave,Isolated_Heatwave,Heatwave,,Isolated Heatwave (Severe),,2019,2022,4,16.348677719139488,22.204692071494023,2.5438377670740913,18.457508644550444,27.03702687405986,2.43454928516078,,,,-0.12899091667469448,,,0.02,0.0,75.17378177501155,0.0,9.41,0.0,0.0,0.0,9.41,-2.108830925410956,0,,0,,,non_impact,Heat-linked,21.631033898414216,Low baseline HC,-7.528137594416805
Corbett_Reef,-13.99222222222222,North,2022,2022,2022.0,2025,2025,,0.0,0.0,S -> H,S_to_H,S_to_H,S_to_H,Storm,Heatwave,Sequential S->H (Same Year),Sequential S->H (Same Year),2019,2020,2,23.59737037804539,8.833335755866251,1.407846659032122,20.129937518667525,9.548226401457088,1.7466957105223244,,,,0.14694149406596205,,,0.0,0.0,71.08757621600978,19.857384,0.0,0.0,4.68,19.857384,4.68,3.4674328593778654,0,,0,,,non_impact,Storm-linked,21.631033898414216,High baseline HC,-0.2794449355109023
Corbett_Reef,-13.99222222222222,North,2024,2024,2025.0,2025,2025,,1.0,1.0,H -> H,H_to_H,H_to_H,H_to_H,Heatwave,Heatwave,Isolated Heatwave (Moderate),Isolated Heatwave (Severe),2019,2022,4,24.66043514377331,10.193510199605651,1.2591030764164401,20.129937518667525,9.548226401457088,1.7466957105223244,,,,0.18371523449170452,,,0.0,0.0,62.46688911507815,0.0,7.51,0.0,9.88,0.0,17.39,4.5304976251057845,0,,0,,,non_impact,Heat-linked,21.631033898414216,High baseline HC,0.7836198302170168
Davie_Reef,-13.976944444444444,North,1990,1990,,1990,1990,1995.0,,,Isolated Storm,Isolated_Storm,Isolated_Storm,Isolated_Storm,Storm,,Isolated Storm,,1985,1988,3,38.37267316808517,,,40.27704154500093,,,15.641202941386908,,,-0.0496282437393398,-4.927167720722804,-0.642015178241578,0.0,0.0,,33.078492,0.42,0.0,0.0,33.078492,0.42,-1.9043683769157553,0,-24.63583860361402,1,,,non_impact,Storm-linked,21.631033898414216,High baseline HC,14.495857854528879
Davie_Reef,-13.976944444444444,North,2020,2020,2021.0,2021,2021,2025.0,1.0,1.0,H -> H,H_to_H,H_to_H,H_to_H,Heatwave,Heatwave,Isolated Heatwave (Moderate),Isolated Heatwave (Moderate),2015,2017,2,31.247838421986422,,,33.871462457876675,25.375233485439303,5.19910987444856,52.5193420037316,35.70681151986866,2.298665587390187,-0.08396177682627266,4.661969886463732,0.5967734245813948,0.006666666666666667,0.0,42.25694050023626,0.0,6.3,0.0,5.53,0.0,11.83,-2.623624035890252,0,18.647879545854927,1,,,non_impact,Heat-linked,21.631033898414216,High baseline HC,7.37102310843013
Davie_Reef,-13.976944444444444,North,2022,2022,2022.0,2022,2022,2026.0,0.0,0.0,S -> H,S_to_H,S_to_H,S_to_H,Storm,Heatwave,Sequential S->H (Same Year),Sequential S->H (Same Year),2017,2020,3,35.37726319584153,17.886205451715963,5.012360132157146,37.53377031056192,29.80348653601179,6.964371204939672,33.32829709575095,,,-0.0609574319749494,-1.051368303702743,-0.11887502974807024,0.006666666666666667,0.0,45.34889756581542,19.857384,0.0,0.0,5.82,19.857384,5.82,-2.156507114720391,0,-4.205473214810972,1,,,non_impact,Storm-linked,21.631033898414216,High baseline HC,11.500447882285236
Davie_Reef,-13.976944444444444,North,2024,2024,2025.0,2026,2026,,1.0,1.0,H -> H,H_to_H,H_to_H,H_to_H,Heatwave,Heatwave,Isolated Heatwave (Moderate),Isolated Heatwave (Severe),2019,2022,4,37.78506866853472,22.737782731220754,5.547050335925631,33.32829709575095,,,,,,0.11795060138385088,,,0.0,0.0,66.31710317802118,0.0,7.03,0.0,8.35,0.0,15.379999999999999,4.456771572783772,0,,0,,,non_impact,Heat-linked,21.631033898414216,High baseline HC,13.908253354978427
Davies_Reef,-18.81416666666667,Central,1989,1989,,1991,1991,1995.0,,,Isolated Storm,Isolated_Storm,Isolated_Storm,Isolated_Storm,Storm,,Isolated Storm,,1986,1987,2,23.140620735063663,,,16.462682166813238,,,34.71820647337865,,8.835413462034966,0.28858078807418186,4.563881076641353,0.7888951863293735,0.515,0.0,,41.000868,0.16,0.0,0.0,41.000868,0.16,6.6779385682504255,1,18.255524306565412,1,2.7337065353310424,1.0,recovered,Storm-linked,21.631033898414216,High baseline HC,-0.7361945784926291
Davies_Reef,-18.81416666666667,Central,2022,2022,2025.0,2025,2025,,3.0,3.0,H -> H,H_to_H,H_to_H,H_to_H,Heatwave,Heatwave,Isolated Heatwave (Moderate),Isolated Heatwave (Moderate),2017,2019,2,33.270831845440355,28.780424833301847,3.1884583580573587,38.663553358075504,24.383268230038983,4.920994895000483,,,,-0.16208556304474248,,,0.006666666666666667,0.0,44.49932279301322,0.0,5.2,0.0,4.71,0.0,9.91,-5.392721512635148,0,,0,,,non_impact,Heat-linked,21.631033898414216,High baseline HC,9.394016531884063
Davies_Reef,-18.81416666666667,Central,2024,2024,2024.0,2024,2024,,0.0,0.0,S -> H,S_to_H,S_to_H,S_to_H,Storm,Heatwave,Sequential S->H (Same Year),Sequential S->H (Same Year),2019,2022,3,38.32813880602567,32.26377937029526,3.295228946058249,37.672240597051896,26.93216064472957,6.250995662226109,,,,0.01711270699297975,,,0.0,0.0,54.2243664780485,23.818572,0.0,0.0,4.23,23.818572,4.23,0.6558982089737739,0,,0,,,non_impact,Storm-linked,21.631033898414216,High baseline HC,14.451323492469378
Dip_Reef,-18.409444444444443,Central,2017,2017,,2019,2019,2023.0,,,Isolated Heatwave,Isolated_Heatwave,Isolated_Heatwave,Isolated_Heatwave,Heatwave,,Isolated Heatwave (Moderate),,2013,2015,2,11.05400479601073,14.58277881952727,2.9441858981923783,16.498326198111997,13.644608570302283,4.82614600383654,24.881660603722644,10.7921386003068,3.8352232379672335,-0.492520267773546,2.0958336014026617,0.7583979345328402,0.0,0.0,92.6524984462193,0.0,6.8,0.0,0.0,0.0,6.8,-5.4443214021012665,0,8.383334405610647,1,,,non_impact,Heat-linked,21.631033898414216,Low baseline HC,-12.822810517545562
Dip_Reef,-18.409444444444443,Central,2022,2022,2025.0,2025,2025,,3.0,3.0,H -> H,H_to_H,H_to_H,H_to_H,Heatwave,Heatwave,Isolated Heatwave (Moderate),Isolated Heatwave (Moderate),2017,2019,2,17.143660433052112,18.023011380780382,4.035033308452796,25.267763889063065,13.299945480066732,3.670484138620044,,,,-0.47388382940367224,,,0.0,0.0,91.55429781356024,0.0,5.6000000000000005,0.0,6.47,0.0,12.07,-8.124103456010953,0,,0,,,non_impact,Heat-linked,21.631033898414216,Low baseline HC,-6.7331548805041805
Dip_Reef,-18.409444444444443,Central,2024,2024,2024.0,2024,2024,,0.0,0.0,S -> H,S_to_H,S_to_H,S_to_H,Storm,Heatwave,Sequential S->H (Same Year),Sequential S->H (Same Year),2019,2022,3,23.95940837489664,19.579130160605164,4.384824708969898,23.97362841517808,9.24279443839655,4.248138202421319,,,,-0.0005935054847322226,,,0.0,0.0,109.33492995653371,23.818572,0.0,0.0,7.65,23.818572,7.65,-0.014220040281440305,0,,0,,,non_impact,Storm-linked,21.631033898414216,High baseline HC,0.08259306134034716
East_Cay,-21.48305555555556,South,2024,2024,,2025,2025,,,,Isolated Heatwave,Isolated_Heatwave,Isolated_Heatwave,Isolated_Heatwave,Heatwave,,Isolated Heatwave (Moderate),,2019,2022,3,22.19554320636695,23.94935435601252,2.762885871706157,14.554197554158632,22.87666888750333,5.620003942380957,,,,0.34427387431618894,,,0.43999999999999995,0.0,88.51463026989096,0.0,7.67,0.0,0.0,0.0,7.67,7.641345652208317,1,,0,,,recovery_unobserved,Heat-linked,21.631033898414216,High baseline HC,-1.6812721071893435
Erskine_Island,-23.5025,South,2020,2020,2024.0,2026,2026,,4.0,4.0,H -> H,H_to_H,H_to_H,H_to_H,Heatwave,Heatwave,Isolated Heatwave (Severe),Isolated Heatwave (Severe),2016,2018,2,29.102437360784165,9.829480731088292,0.7707722989871395,26.914870917548605,,,,,,0.07516780866551503,,,0.0,0.0,28.572537957650976,0.0,8.85,0.0,11.17,0.0,20.02,2.1875664432355606,0,,0,,,non_impact,Heat-linked,21.631033898414216,High baseline HC,5.225622047227873
Fairfax_Island,-23.852500000000003,South,2024,2024,,2026,2026,,,,Isolated Heatwave,Isolated_Heatwave,Isolated_Heatwave,Isolated_Heatwave,Heatwave,,Isolated Heatwave (Severe),,2020,2022,3,39.14744127930083,25.465659429596208,3.0194290473340195,21.25366968687083,,,,,,0.4570866193978127,,,0.016666666666666666,0.0,113.54992128937036,0.0,11.26,0.0,0.0,0.0,11.26,17.89377159243,1,,0,,,recovery_unobserved,Heat-linked,21.631033898414216,High baseline HC,15.270625965744536
Farquharson_Reef,-17.795,Central,2011,2011,,2012,2012,2016.0,,,Isolated Storm,Isolated_Storm,Isolated_Storm,Isolated_Storm,Storm,,Isolated Storm,,2006,2008,2,5.211913864003509,6.278249497196657,19.086420073410316,7.290191801512693,8.894781697249888,4.674818976870521,28.42467103155285,13.591853359776694,7.388703178131087,-0.398755234974809,5.283619807510039,4.055032331982133,0.0,0.0,,41.000868,1.05,0.0,0.0,41.000868,1.05,-2.078277937509184,0,21.134479230040156,1,,,non_impact,Storm-linked,21.631033898414216,Low baseline HC,-18.664901449552783
Farquharson_Reef,-17.795,Central,2020,2020,2022.0,2022,2022,2025.0,2.0,2.0,H -> H,H_to_H,H_to_H,H_to_H,Heatwave,Heatwave,Isolated Heatwave (Moderate),Isolated Heatwave (Moderate),2016,2018,2,17.785903040527757,10.933811873562043,8.351027055207979,6.919649836024086,8.982783836258944,20.20434061675485,9.127442620272356,8.414494042259063,22.629584133386075,0.6109475116187995,0.7359309280827567,0.12413161025433989,2.7566666666666664,0.0,,0.0,5.91,0.0,5.1000000000000005,0.0,11.010000000000002,10.866253204503671,1,2.2077927842482703,1,0.20317884579877263,0.0,failed,Heat-linked,21.631033898414216,Low baseline HC,-6.090912273028536
Farquharson_Reef,-17.795,Central,2024,2024,2025.0,2025,2025,,1.0,1.0,H -> H,H_to_H,H_to_H,H_to_H,Heatwave,Heatwave,Isolated Heatwave (Moderate),Isolated Heatwave (Moderate),2020,2022,2,7.364125457858266,8.33412316683617,17.46797026279857,9.127442620272356,8.414494042259063,22.629584133386075,,,,-0.23944692041231486,,,0.0,0.0,63.86080430974617,0.0,4.91,0.0,5.74,0.0,10.65,-1.76331716241409,0,,0,,,non_impact,Heat-linked,21.631033898414216,Low baseline HC,-16.512689855698028
Feather_Reef,-17.529166666666665,Central,1990,1990,,1990,1990,1994.0,,,Isolated Storm,Isolated_Storm,Isolated_Storm,Isolated_Storm,Storm,,Isolated Storm,,1986,1988,3,7.1739025315979825,,,16.49828668230554,,,24.19571977173328,,,-1.0,1.924358272356935,1.0729770937817775,0.0,0.0,,22.481028,0.0,0.0,0.0,22.481028,0.0,-9.324384150707559,0,7.69743308942774,1,,,non_impact,Storm-linked,21.631033898414216,Low baseline HC,-16.70291278195831
Feather_Reef,-17.529166666666665,Central,2011,2011,,2012,2012,2016.0,,,Isolated Storm,Isolated_Storm,Isolated_Storm,Isolated_Storm,Storm,,Isolated Storm,,2006,2009,4,16.25529643546369,13.205815835733626,3.890051605756539,21.14439952140011,16.903049031783276,2.2365960468223567,49.76011425224977,34.16481774227701,3.674701053573613,-0.30076985094347525,7.153928682712415,1.7603932874714987,0.0,0.0,,41.000868,0.6900000000000001,0.0,0.0,41.000868,0.6900000000000001,-4.889103085936419,0,28.61571473084966,1,,,non_impact,Storm-linked,21.631033898414216,Low baseline HC,-7.621518878092601
Feather_Reef,-17.529166666666665,Central,2020,2020,2022.0,2022,2022,2025.0,2.0,2.0,H -> H,H_to_H,H_to_H,H_to_H,Heatwave,Heatwave,Isolated Heatwave (Moderate),Isolated Heatwave (Moderate),2015,2018,4,29.58109262011601,23.105817254568016,3.963884959305673,29.09897511843996,24.07578228446068,7.676599171514259,33.62634411954204,15.72941766327394,7.009247260307479,0.01629816409648765,1.5091230003673601,0.15304941772243183,0.08,0.0,33.76093468124253,0.0,5.45,0.0,4.65,0.0,10.100000000000001,0.4821175016760506,0,4.52736900110208,1,,,non_impact,Heat-linked,21.631033898414216,High baseline HC,5.704277306559717
Feather_Reef,-17.529166666666665,Central,2024,2024,2025.0,2025,2025,,1.0,1.0,H -> H,H_to_H,H_to_H,H_to_H,Heatwave,Heatwave,Isolated Heatwave (Moderate),Isolated Heatwave (Moderate),2019,2022,4,19.528439084255,17.503684506626513,7.618067511329908,33.62634411954204,15.72941766327394,7.009247260307479,,,,-0.7219166352447295,,,0.0,0.0,87.88996463036736,0.0,5.54,0.0,6.34,0.0,11.879999999999999,-14.097905035287038,0,,0,,,non_impact,Heat-linked,21.631033898414216,Low baseline HC,-4.348376229301291
Fitzroy_Island,-16.933977777777777,Central,2010,2010,2011.0,2013,2013,2017.0,1.0,1.0,S -> S,S_to_S,S_to_S,S_to_S,Storm,Storm,Isolated Storm,Isolated Storm,2005,2007,2,16.135630428515892,2.98457307254289,0.8602347402331992,28.27183515934281,9.33210561978326,1.1368364068580323,16.787673416272998,17.41561330495144,0.3342470990875141,-0.75213700416558,-2.871040435767453,-0.7117268701676686,0.0,0.0,,18.51984,1.08,21.851255536541192,1.02,40.37109553654119,2.1,-12.136204730826918,0,-11.484161743069812,1,,,non_impact,Storm-linked,21.631033898414216,Low baseline HC,-7.741184885040401
Fitzroy_Island,-16.933977777777777,Central,2020,2020,2024.0,2024,2024,,4.0,4.0,H -> H,H_to_H,H_to_H,H_to_H,Heatwave,Heatwave,Isolated Heatwave (Moderate),Isolated Heatwave (Moderate),2015,2017,2,16.463578164075056,15.606973123737866,0.37749168884473416,37.80846487185232,13.458903377601937,0.555187851019173,,,,-1.0,,,0.0,0.0,,0.0,4.88,0.0,7.82,0.0,12.7,-21.344886707777267,0,,0,,,non_impact,Heat-linked,21.631033898414216,Low baseline HC,-7.413237149481237
Fitzroy_Island,-16.933977777777777,Central,2025,2025,,2025,2025,,,,Isolated Heatwave,Isolated_Heatwave,Isolated_Heatwave,Isolated_Heatwave,Heatwave,,Isolated Heatwave (Moderate),,2021,2023,3,34.48857991659863,8.550871091310603,0.4701417686597904,38.257587665057486,14.37884705974118,1.133168675965918,,,,-0.1092827758514032,,,0.0,0.0,18.41978266034834,0.0,6.86,0.0,0.0,0.0,6.86,-3.7690077484588542,0,,0,,,non_impact,Heat-linked,21.631033898414216,High baseline HC,10.611764603042339
Fork_Reef,-18.61416666666667,Central,2017,2017,,2018,2018,,,,Isolated Heatwave,Isolated_Heatwave,Isolated_Heatwave,Isolated_Heatwave,Heatwave,,Isolated Heatwave (Moderate),,2012,2014,2,8.323521198459451,16.880909466099673,2.074308723183952,20.65387094900915,15.632082284715924,2.3058587003416644,,,,-1.0,,,0.02,0.0,,0.0,5.33,0.0,0.0,0.0,5.33,-12.330349750549699,0,,0,,,non_impact,Heat-linked,21.631033898414216,Low baseline HC,-15.553294115096842
Fork_Reef,-18.61416666666667,Central,2022,2022,,2025,2025,,,,Isolated Heatwave,Isolated_Heatwave,Isolated_Heatwave,Isolated_Heatwave,Heatwave,,Isolated Heatwave (Moderate),,2018,2020,2,21.9748695981349,15.161476905761534,2.3964592325567473,40.90245759650253,,,,,,-0.8613287971444477,,,0.0,0.0,,0.0,4.8,0.0,0.0,0.0,4.8,-18.927587998367628,0,,0,,,non_impact,Heat-linked,21.631033898414216,High baseline HC,-1.901945715421391
Gannet_Cay,-21.981111111111108,South,1994,1994,,1997,1997,2001.0,,,Isolated Storm,Isolated_Storm,Isolated_Storm,Isolated_Storm,Storm,,Isolated Storm,,1990,1992,3,67.45412681468186,,,38.254237533949954,,0.2546940761207294,6.358417180812206,,1.3435581348860737,0.4328851422382707,-7.973955088284437,-0.4728520234316546,3.793333333333333,1.0,,29.117304,0.32,0.0,0.0,29.117304,0.32,29.199889280731902,1,-31.895820353137747,1,-1.0923267566697523,0.0,failed,Storm-linked,21.631033898414216,High baseline HC,43.577311501125564
Gannet_Cay,-21.981111111111108,South,2024,2024,,2025,2025,,,,Isolated Heatwave,Isolated_Heatwave,Isolated_Heatwave,Isolated_Heatwave,Heatwave,,Isolated Heatwave (Severe),,2019,2022,3,14.892316387378491,16.16253537474202,2.1262596831768508,6.879262317708815,12.814944234211747,2.1279116135764875,,,,0.5380663330830713,,,7.676666666666667,0.0,53.91534398967207,0.0,8.47,0.0,0.0,0.0,8.47,8.013054069669677,1,,0,,,recovery_unobserved,Heat-linked,21.631033898414216,Low baseline HC,-8.984498926177801
Green_Island,-16.765555555555554,Central,1990,1990,,1991,1991,1995.0,,,Isolated Storm,Isolated_Storm,Isolated_Storm,Isolated_Storm,Storm,,Isolated Storm,,1986,1987,2,7.074370156320882,,,7.9453553563263375,,,13.163373647199652,,2.154419032379593,-0.12311840923778056,1.3045045727183286,0.7375947505674503,0.0,0.0,,19.051087112456987,0.0,0.0,0.0,19.051087112456987,0.0,-0.8709852000054559,0,5.218018290873315,1,,,non_impact,Storm-linked,21.631033898414216,Low baseline HC,-16.80244515723541
Green_Island,-16.765555555555554,Central,2010,2010,,2010,2010,2013.0,,,Isolated Storm,Isolated_Storm,Isolated_Storm,Isolated_Storm,Storm,,Isolated Storm,,2005,2007,3,10.812340149275881,8.064092515437633,3.120217522249722,9.032050469533177,,,10.607246859981403,6.573155039801758,2.4236770314385314,0.16465350286468128,0.5250654634827422,0.14568505695353284,0.0,0.0,,18.51984,1.4,0.0,0.0,18.51984,1.4,1.7802896797427046,0,1.5751963904482267,1,,,non_impact,Storm-linked,21.631033898414216,Low baseline HC,-13.064475164280411
Green_Island,-16.765555555555554,Central,2020,2020,2022.0,2022,2022,,2.0,2.0,H -> H,H_to_H,H_to_H,H_to_H,Heatwave,Heatwave,Isolated Heatwave (Moderate),Isolated Heatwave (Moderate),2015,2017,2,7.595237307293283,14.707829524907476,3.835526584103519,16.26868029146519,,,,,,-1.0,,,0.0,0.0,,0.0,5.42,0.0,4.23,0.0,9.65,-8.673442984171908,0,,0,,,non_impact,Heat-linked,21.631033898414216,Low baseline HC,-16.28157800626301
Green_Island,-16.765555555555554,Central,2024,2024,,2024,2024,,,,Isolated Heatwave,Isolated_Heatwave,Isolated_Heatwave,Isolated_Heatwave,Heatwave,,Isolated Heatwave (Severe),,2019,2022,3,14.332307535949559,13.517117674645496,6.4499382979228725,26.561785128535703,,,,,,-0.8532804338667092,,,0.0,0.02,,0.0,8.15,0.0,0.0,0.0,8.15,-12.229477592586145,0,,0,,,non_impact,Heat-linked,21.631033898414216,Low baseline HC,-9.544507777606734
Grub_Reef_18_077,-18.65079722222222,Central,2022,2022,,2025,2025,,,,Isolated Heatwave,Isolated_Heatwave,Isolated_Heatwave,Isolated_Heatwave,Heatwave,,Isolated Heatwave (Moderate),,2018,2020,2,7.195408010208776,10.083538461599879,1.5304038138529967,19.0176065232126,,,,,,-1.0,,,0.0,0.0,,0.0,4.74,0.0,0.0,0.0,4.74,-11.822198513003823,0,,0,,,non_impact,Heat-linked,21.631033898414216,Low baseline HC,-16.681407303347516
Hastings_Reef,-16.527041666666666,Central,2017,2017,2020.0,2020,2020,2024.0,3.0,3.0,H -> H,H_to_H,H_to_H,H_to_H,Heatwave,Heatwave,Isolated Heatwave (Severe),Isolated Heatwave (Moderate),2012,2015,4,24.057233667388704,14.140153265470238,2.1688730012142594,12.74133374805204,6.160693075604782,1.7728004183825876,17.748490360107017,11.996486713712477,6.0293932106979415,0.47037411182800176,1.251789153013744,0.2081351780210097,0.006666666666666667,0.0,53.6981439941693,0.0,10.25,0.0,7.59,0.0,17.84,11.315899919336664,1,5.007156612054976,1,0.4424885910751758,0.0,failed,Heat-linked,21.631033898414216,High baseline HC,0.18041835383241178
Hastings_Reef,-16.527041666666666,Central,2022,2022,2024.0,2025,2025,,2.0,2.0,H -> H,H_to_H,H_to_H,H_to_H,Heatwave,Heatwave,Isolated Heatwave (Moderate),Isolated Heatwave (Moderate),2017,2020,4,15.010307473329515,10.130479658186797,3.1106703370230293,15.379763518519656,14.751792896334718,3.692968380057173,,,,-0.024613489486913886,,,0.0,0.0,59.17107399864548,0.0,4.74,0.0,7.62,0.0,12.36,-0.36945604519014097,0,,0,,,non_impact,Heat-linked,21.631033898414216,Low baseline HC,-8.866507840226777
Hastings_Reef,-16.527041666666666,Central,2025,2025,,2025,2025,,,,Isolated Heatwave,Isolated_Heatwave,Isolated_Heatwave,Isolated_Heatwave,Heatwave,,Isolated Heatwave (Moderate),,2020,2023,4,14.82930477591914,8.384017608256578,4.1029509253148255,15.379763518519656,14.751792896334718,3.692968380057173,,,,-0.037119659412111504,,,0.0,0.0,102.10456250099976,0.0,6.03,0.0,0.0,0.0,6.03,-0.550458742600517,0,,0,,,non_impact,Heat-linked,21.631033898414216,Low baseline HC,-9.047510537637153
Havannah_Island,-18.839994444444443,Central,2000,2000,,2002,2002,2005.0,,,Isolated Storm,Isolated_Storm,Isolated_Storm,Isolated_Storm,Storm,,Isolated Storm,,1997,1998,2,34.744104212387406,,,5.839616539882448,,,7.634470917470145,,,0.8319249647599077,0.5982847925292321,0.05165925034693432,0.0,0.0,20.87403330929204,26.442216,0.0,0.0,0.0,26.442216,0.0,28.904487672504956,1,1.7948543775876962,1,0.06209604535890216,0.0,failed,Storm-linked,21.631033898414216,High baseline HC,10.867288898831113
Havannah_Island,-18.839994444444443,Central,2022,2022,2025.0,2025,2025,,3.0,3.0,H -> H,H_to_H,H_to_H,H_to_H,Heatwave,Heatwave,Isolated Heatwave (Moderate),Isolated Heatwave (Moderate),2017,2019,2,12.089691014674003,11.326864716752535,,16.814527525738136,9.758719549007656,,,,,-0.39081532400863744,,,0.0,0.0,32.28199099810415,0.0,7.62,0.0,5.3500000000000005,0.0,12.97,-4.724836511064133,0,,0,,,non_impact,Heat-linked,21.631033898414216,Low baseline HC,-11.78712429888229
Havannah_Island,-18.839994444444443,Central,2024,2024,2024.0,2025,2025,,0.0,0.0,S -> H,S_to_H,S_to_H,S_to_H,Storm,Heatwave,Sequential S->H (Same Year),Sequential S->H (Same Year),2019,2022,3,13.322940421686127,10.17479210116236,,16.814527525738136,9.758719549007656,,,,,-0.26207331066111006,,,0.0,0.0,37.092348596009984,23.818572,0.0,0.0,6.92,23.818572,6.92,-3.491587104052009,0,,0,,,non_impact,Storm-linked,21.631033898414216,Low baseline HC,-10.553874891870166
Hayman_Island,-20.062725,South,2011,2011,2014.0,2015,2015,2019.0,3.0,3.0,S -> S,S_to_S,S_to_S,S_to_S,Storm,Storm,Isolated Storm,Isolated Storm,2007,2009,2,47.82532538634469,6.7869990000470235,0.1732200338432186,34.97428250932376,11.544564232487556,0.6320694692360005,5.458382900174894,2.4530407565203785,1.12831923398469,0.26870790262705085,-7.378974902287216,-0.6171604556939697,0.0,0.0,12.367570180214893,18.51984,0.0,19.857384,0.0,38.377224,0.0,12.85104287702093,1,-29.515899609148864,1,-2.2967707672913082,0.0,failed,Storm-linked,21.631033898414216,High baseline HC,23.948510072788395
Hayman_Island,-20.062725,South,2022,2022,2024.0,2025,2025,,2.0,2.0,H -> H,H_to_H,H_to_H,H_to_H,Heatwave,Heatwave,Isolated Heatwave (Moderate),Isolated Heatwave (Moderate),2017,2019,2,21.471196804377694,8.608027092278169,0.7060706596719084,16.557166603156766,14.345586939574115,0.5304664057466991,,,,0.22886615245494943,,,0.0,0.0,47.63334858204954,0.0,4.7700000000000005,0.0,5.8500000000000005,0.0,10.620000000000001,4.914030201220928,0,,0,,,non_impact,Heat-linked,21.631033898414216,Low baseline HC,-2.4056185091785984
Hayman_Island,-20.062725,South,2025,2025,,2025,2025,,,,Isolated Heatwave,Isolated_Heatwave,Isolated_Heatwave,Isolated_Heatwave,Heatwave,,Isolated Heatwave (Moderate),,2021,2023,3,10.24571256879076,14.975031197306421,1.7375703696650155,16.557166603156766,14.345586939574115,0.5304664057466991,,,,-0.6160092811495794,,,0.0,0.0,44.844594645407,0.0,4.2,0.0,0.0,0.0,4.2,-6.311454034366006,0,,0,,,non_impact,Heat-linked,21.631033898414216,Low baseline HC,-13.631102744765533
Helix_Reef,-18.62361111111111,Central,1989,1989,,1989,1989,1992.0,,,Isolated Storm,Isolated_Storm,Isolated_Storm,Isolated_Storm,Storm,,Isolated Storm,,1986,1987,2,17.107498707027847,,,5.825057914015069,,,9.04544502443034,,,0.6595026535572903,1.0734623701384234,0.1882441825988459,6.7733333333333325,0.0,,25.275819623241777,0.52,0.0,0.0,25.275819623241777,0.52,11.282440793012778,1,3.2203871104152704,1,0.2854335484223997,0.0,failed,Storm-linked,21.631033898414216,Low baseline HC,-6.769316606528445
Helix_Reef,-18.62361111111111,Central,2022,2022,2025.0,2025,2025,,3.0,3.0,H -> H,H_to_H,H_to_H,H_to_H,Heatwave,Heatwave,Isolated Heatwave (Moderate),Isolated Heatwave (Moderate),2018,2020,2,34.23618408542458,21.44063034897995,0.8848049599135246,24.692744557885817,20.454779532518064,1.1559869554506128,,,,0.2787530147555699,,,0.0,0.0,,0.0,4.87,0.0,4.92,0.0,9.79,9.543439527538766,1,,0,,,recovery_unobserved,Heat-linked,21.631033898414216,High baseline HC,10.35936877186829
Horseshoe_Reef,-22.031388888888888,South,2004,2004,,2006,2006,2009.0,,,Isolated Heatwave,Isolated_Heatwave,Isolated_Heatwave,Isolated_Heatwave,Heatwave,,Isolated Heatwave (Moderate),,1999,2002,4,26.22200432165649,,2.428525374014754,9.294694509177994,,,38.09504932130007,33.13826814403459,1.4805603716511062,0.6455383655969579,9.600118270707357,1.0983277425645204,8.19,2.96,33.78306778159837,0.0,4.05,0.0,0.0,0.0,4.05,16.927309812478498,1,28.800354812122073,1,1.7014135814357807,1.0,recovered,Heat-linked,21.631033898414216,High baseline HC,2.345189008100199
Horseshoe_Reef,-22.031388888888888,South,2009,2009,,2009,2009,2013.0,,,Isolated Storm,Isolated_Storm,Isolated_Storm,Isolated_Storm,Storm,,Isolated Storm,,2004,2007,4,15.175228091974391,26.614395938429027,1.0856442698222684,38.09504932130007,33.13826814403459,1.4805603716511062,62.655008613674056,26.54196886801852,1.003424612578832,-1.0,6.139989823093497,1.6184243916150973,0.07666666666666667,0.0,55.77822061236859,42.338412,0.6,0.0,0.0,42.338412,0.6,-22.919821229325677,0,24.55995929237399,1,,,non_impact,Storm-linked,21.631033898414216,Low baseline HC,-8.701587221581901
Horseshoe_Reef,-22.031388888888888,South,2024,2024,,2026,2026,,,,Isolated Heatwave,Isolated_Heatwave,Isolated_Heatwave,Isolated_Heatwave,Heatwave,,Isolated Heatwave (Severe),,2019,2022,3,7.636255262430756,14.879210038876044,1.408022621308992,16.542599788068422,,,,,,-1.0,,,0.54,0.04,98.44310272855364,0.0,9.19,0.0,0.0,0.0,9.19,-8.906344525637667,0,,0,,,non_impact,Heat-linked,21.631033898414216,Low baseline HC,-16.240560051125538
Hyde_Reef,-19.75438888888889,Central,2010,2010,,2013,2013,2017.0,,,Isolated Storm,Isolated_Storm,Isolated_Storm,Isolated_Storm,Storm,,Isolated Storm,,2005,2007,2,15.561516494736402,16.2932880498386,1.0821809398914384,3.5968414344920743,16.53937122322524,0.9242527690222786,13.900461086581048,42.76391544155221,0.8760760313147318,0.7688630516371148,2.5759049130222436,0.6621218218400576,0.0,0.0,,29.117304,0.62,0.0,0.0,29.117304,0.62,11.964675060244328,1,10.303619652088974,1,0.8611700359774389,1.0,recovered,Storm-linked,21.631033898414216,Low baseline HC,-8.31529881881989
Hyde_Reef,-19.75438888888889,Central,2022,2022,2024.0,2025,2025,,2.0,2.0,H -> H,H_to_H,H_to_H,H_to_H,Heatwave,Heatwave,Isolated Heatwave (Moderate),Isolated Heatwave (Severe),2017,2019,2,17.698377761456005,33.18569976299527,0.7744152525540033,29.39764183332194,19.71448498809521,0.9640795129549798,,,,-0.6610359564900294,,,0.0,0.0,91.61930252695882,0.0,5.25,0.0,9.25,0.0,14.5,-11.699264071865937,0,,0,,,non_impact,Heat-linked,21.631033898414216,Low baseline HC,-6.178437552100288
Jenkins_Reef,-21.955277777777777,South,2012,2012,,2012,2012,2016.0,,,Isolated Heatwave,Isolated_Heatwave,Isolated_Heatwave,Isolated_Heatwave,Heatwave,,Isolated Heatwave (Moderate),,2008,2010,2,25.28376665441928,20.777959578815796,1.062909206467813,17.947807077982432,,,67.93962750436269,28.7983013859227,0.5325875732020244,0.29014504352557047,12.497955106595064,1.9772299400509743,0.0,0.03,47.72418935044113,0.0,4.48,0.0,0.0,0.0,4.48,7.335959576436849,1,49.99182042638026,1,6.814625940272942,1.0,recovered,Heat-linked,21.631033898414216,High baseline HC,1.4069513408629888
Jenkins_Reef,-21.955277777777777,South,2024,2024,,2026,2026,,,,Isolated Heatwave,Isolated_Heatwave,Isolated_Heatwave,Isolated_Heatwave,Heatwave,,Isolated Heatwave (Severe),,2020,2022,2,5.975996364076766,9.30118874985152,2.72488849808524,29.51679798201327,,,,,,-1.0,,,0.06999999999999999,0.0,,0.0,9.33,0.0,0.0,0.0,9.33,-23.540801617936502,0,,0,,,non_impact,Heat-linked,21.631033898414216,Low baseline HC,-17.900818949479525
John_Brewer_Reef,-18.6275,Central,2022,2022,,2022,2022,2025.0,,,Isolated Heatwave,Isolated_Heatwave,Isolated_Heatwave,Isolated_Heatwave,Heatwave,,Isolated Heatwave (Moderate),,2017,2020,3,15.537198061714514,10.996431322496917,2.4915737905319166,9.487783290287096,9.739265674275469,6.186188710654655,14.838949461977254,12.909793340611255,8.804513051978152,0.3893504316157164,1.7837220572300527,0.34440998630738073,0.01,0.0,63.27418289075949,0.0,5.07,0.0,0.0,0.0,5.07,6.0494147714274185,1,5.351166171690158,1,0.8845758430988686,1.0,recovered,Heat-linked,21.631033898414216,Low baseline HC,-8.339617251841778
John_Brewer_Reef,-18.6275,Central,2024,2024,2024.0,2024,2024,,0.0,0.0,S -> H,S_to_H,S_to_H,S_to_H,Storm,Heatwave,Sequential S->H (Same Year),Sequential S->H (Same Year),2019,2022,4,10.51657289916714,9.067356711986434,4.331700840598711,12.834414016637997,10.352417127951432,9.31731225622103,,,,-0.22039890178048563,,,0.0,0.0,64.51869673522926,23.818572,0.0,0.0,5.79,23.818572,5.79,-2.3178411174708557,0,,0,,,non_impact,Storm-linked,21.631033898414216,Low baseline HC,-13.360242414389152
Kelso_Reef,-18.435819444444444,Central,2011,2011,,2012,2012,2016.0,,,Isolated Storm,Isolated_Storm,Isolated_Storm,Isolated_Storm,Storm,,Isolated Storm,,2007,2008,2,5.766597353211763,14.123076542973411,4.775648423568242,7.088470626386338,8.363530552743885,2.894382949298493,15.715763396486294,24.29831280758326,1.1933175174603774,-0.22922933442515198,2.156823192524989,1.4960803124731608,0.0,0.0,,24.86900479664721,1.27,0.0,0.0,24.86900479664721,1.27,-1.3218732731745755,0,8.627292770099956,1,,,non_impact,Storm-linked,21.631033898414216,Low baseline HC,-18.110217960344528
Kelso_Reef,-18.435819444444444,Central,2021,2021,2022.0,2024,2024,,1.0,1.0,H -> H,H_to_H,H_to_H,H_to_H,Heatwave,Heatwave,Isolated Heatwave (Moderate),Isolated Heatwave (Moderate),2016,2018,2,14.54577951879148,25.000005646605416,1.6234831886136472,16.968826368802517,26.3237588073251,3.300411184001625,,,,-0.16658074920500054,,,0.06333333333333334,0.0,,0.0,5.21,0.0,5.24,0.0,10.45,-2.423046850011037,0,,0,,,non_impact,Heat-linked,21.631033898414216,Low baseline HC,-9.331035794764812
Kelso_Reef,-18.435819444444444,Central,2024,2024,2024.0,2024,2024,,0.0,0.0,S -> H,S_to_H,S_to_H,S_to_H,Storm,Heatwave,Sequential S->H (Same Year),Sequential S->H (Same Year),2020,2022,3,20.490949386306607,23.456537936494662,2.190433806636851,16.968826368802517,26.3237588073251,3.300411184001625,,,,0.1718867657668318,,,0.0,0.0,50.56563684127831,20.598173142982528,0.0,0.0,6.72,20.598173142982528,6.72,3.5221230175040894,0,,0,,,non_impact,Storm-linked,21.631033898414216,Low baseline HC,-3.385865927249686
Kelso_Reef,-18.435819444444444,Central,2025,2025,,2025,2025,,,,Isolated Heatwave,Isolated_Heatwave,Isolated_Heatwave,Isolated_Heatwave,Heatwave,,Isolated Heatwave (Moderate),,2020,2023,4,20.288091829973617,22.486050621475865,2.6455986631821338,18.406850903792133,23.013626956801627,3.11789350864165,,,,0.0927263609583105,,,0.0,0.01,47.61838847644631,0.0,6.66,0.0,0.0,0.0,6.66,1.8812409261814835,0,,0,,,non_impact,Heat-linked,21.631033898414216,Low baseline HC,-3.588723483582676
Knife_Reef,-18.58,Central,1989,1989,,1989,1989,,,,Isolated Storm,Isolated_Storm,Isolated_Storm,Isolated_Storm,Storm,,Isolated Storm,,1986,1987,2,18.43567376369142,,,15.922379660932355,,,,,,0.13632775969972583,,,1.1133333333333333,0.0,,32.78825652142947,0.34,0.0,0.0,32.78825652142947,0.34,2.5132941027590636,0,,0,,,non_impact,Storm-linked,21.631033898414216,Low baseline HC,-5.441141549864874
Knife_Reef,-18.58,Central,2017,2017,,2018,2018,2022.0,,,Isolated Heatwave,Isolated_Heatwave,Isolated_Heatwave,Isolated_Heatwave,Heatwave,,Isolated Heatwave (Moderate),,2012,2014,2,10.78611413651584,19.603454971300778,1.8317067841622086,30.21029731567192,24.2623197732044,1.6333335043722923,45.24688481218988,55.28570585856765,0.9856229310045216,-1.0,3.759146874129491,1.3940690137528178,0.0,0.0,,0.0,6.15,0.0,0.0,0.0,6.15,-19.42418317915608,0,15.036587496517964,1,,,non_impact,Heat-linked,21.631033898414216,Low baseline HC,-13.090701177040453
Knife_Reef,-18.58,Central,2022,2022,2025.0,2025,2025,,3.0,3.0,H -> H,H_to_H,H_to_H,H_to_H,Heatwave,Heatwave,Isolated Heatwave (Moderate),Isolated Heatwave (Moderate),2018,2020,2,34.30033778320102,20.341864375962558,1.4054903512684165,39.013416689578776,28.62501602649415,2.014302258195696,,,,-0.1374061951275021,,,0.0,0.0,88.486944033669,0.0,5.24,0.0,4.75,0.0,9.99,-4.713078906377753,0,,0,,,non_impact,Heat-linked,21.631033898414216,High baseline HC,10.42352246964473
Knife_Reef,-18.58,Central,2024,2024,2024.0,2025,2025,,0.0,0.0,S -> H,S_to_H,S_to_H,S_to_H,Storm,Heatwave,Sequential S->H (Same Year),Sequential S->H (Same Year),2020,2022,2,41.81863153146,35.853557418644186,1.0816350645845312,39.013416689578776,28.62501602649415,2.014302258195696,,,,0.0670805030951544,,,0.0,0.0,76.42495130090519,23.818572,0.0,0.0,6.54,23.818572,6.54,2.8052148418812237,0,,0,,,non_impact,Storm-linked,21.631033898414216,High baseline HC,17.941816217903707
Low_Isles,-16.384999999999998,Central,2017,2017,2020.0,2020,2020,2024.0,3.0,3.0,H -> H,H_to_H,H_to_H,H_to_H,Heatwave,Heatwave,Isolated Heatwave (Severe),Isolated Heatwave (Moderate),2013,2015,2,27.243902373992853,9.054532826607826,0.7726857511431229,18.97600826011352,,,37.548853464081546,10.378577682871237,0.9593398508986158,0.3034768661398486,4.643211300992006,0.6817248479680996,0.0,0.0,34.737946416191896,0.0,11.54,0.0,5.54,0.0,17.08,8.267894113879333,1,18.572845203968026,1,2.2463815994921545,1.0,recovered,Heat-linked,21.631033898414216,High baseline HC,3.3670870604365604
Low_Isles,-16.384999999999998,Central,2022,2022,2024.0,2026,2026,,2.0,2.0,H -> H,H_to_H,H_to_H,H_to_H,Heatwave,Heatwave,Isolated Heatwave (Moderate),Isolated Heatwave (Moderate),2017,2020,3,24.26668878659353,13.540677179724728,1.3271030154559458,29.42468727854687,,,,,,-0.21255468915903136,,,0.0,0.0,39.800937491975375,0.0,4.33,0.0,6.42,0.0,10.75,-5.1579984919533395,0,,0,,,non_impact,Heat-linked,21.631033898414216,High baseline HC,0.3898734730372375
Low_Isles,-16.384999999999998,Central,2025,2025,,2026,2026,,,,Isolated Heatwave,Isolated_Heatwave,Isolated_Heatwave,Isolated_Heatwave,Heatwave,,Isolated Heatwave (Moderate),,2020,2023,4,28.32155694108095,10.282754900489968,0.8961436452882724,29.42468727854687,,,,,,-0.03895020106983628,,,0.0,0.0,59.86201666926324,0.0,7.11,0.0,0.0,0.0,7.11,-1.1031303374659203,0,,0,,,non_impact,Heat-linked,21.631033898414216,High baseline HC,4.444741627524657
Macgillivray_Reef,-14.651944444444444,North-Central,2015,2015,2016.0,2019,2019,2023.0,1.0,1.0,S -> H,S_to_H,S_to_H,S_to_H,Storm,Heatwave,Isolated Storm,Isolated Heatwave (Severe),2010,2013,3,27.176110041300948,15.67121206950129,0.8539318592358378,9.73613274031132,13.4730787386621,2.705227521772793,17.418461843245634,16.52085531834991,2.358934913561137,0.6417392803637161,1.9205822757335786,0.282686855891409,0.08666666666666667,0.67,29.39381180454676,29.117304,1.69,0.0,8.61,29.117304,10.299999999999999,17.43997730098963,1,7.682329102934315,1,0.4405010952908971,0.0,failed,Storm-linked,21.631033898414216,High baseline HC,3.2992947277446554
Macgillivray_Reef,-14.651944444444444,North-Central,2017,2017,2020.0,2020,2020,2024.0,3.0,3.0,H -> H,H_to_H,H_to_H,H_to_H,Heatwave,Heatwave,Isolated Heatwave (Severe),Isolated Heatwave (Moderate),2013,2015,2,19.544907424776724,11.746723425414968,1.1874041590285547,10.017025483633374,,,16.591368016196395,20.81366489790908,3.3051783575566693,0.4874866753814872,1.6435856331407552,0.33637112674316616,0.22333333333333336,0.0,36.84069996219061,0.0,8.66,0.0,5.98,0.0,14.64,9.52788194114335,1,6.574342532563021,1,0.6900109146161498,1.0,recovered,Heat-linked,21.631033898414216,Low baseline HC,-4.331907888779568
Macgillivray_Reef,-14.651944444444444,North-Central,2021,2021,2024.0,2024,2024,,3.0,3.0,H -> H,H_to_H,H_to_H,H_to_H,Heatwave,Heatwave,Isolated Heatwave (Moderate),Isolated Heatwave (Moderate),2017,2019,2,11.349058568303548,11.714234342662982,2.8220604582131923,16.591368016196395,20.81366489790908,3.3051783575566693,,,,-0.4619157982437362,,,0.0,0.0,41.7716943403805,0.0,4.13,0.0,5.93,0.0,10.059999999999999,-5.242309447892847,0,,0,,,non_impact,Heat-linked,21.631033898414216,Low baseline HC,-12.527756745252745
Mackay_Reef,-16.044722222222223,Central,2017,2017,,2019,2019,2023.0,,,Isolated Heatwave,Isolated_Heatwave,Isolated_Heatwave,Isolated_Heatwave,Heatwave,,Isolated Heatwave (Severe),,2013,2015,2,21.631033898414216,12.863352681876535,1.4569901941063925,13.966008758171286,10.706207078364988,1.433888415113202,20.2462850390892,12.983621695717614,1.9780736165917403,0.3543531564991379,1.5700690702294788,0.29033638939368156,0.3333333333333333,0.0,37.481503115843445,0.0,9.13,0.0,0.0,0.0,9.13,7.66502514024293,1,6.280276280917915,1,0.8193419024740306,1.0,recovered,Heat-linked,21.631033898414216,Low baseline HC,-2.2457814151420763
Mackay_Reef,-16.044722222222223,Central,2025,2025,,2025,2025,,,,Isolated Heatwave,Isolated_Heatwave,Isolated_Heatwave,Isolated_Heatwave,Heatwave,,Isolated Heatwave (Moderate),,2021,2023,3,19.101886673128593,10.864379195190926,1.3567356271346902,17.90270280594579,10.191400269431997,2.006301877941643,,,,0.06277829450583772,,,0.0,0.0,41.443874481771815,0.0,4.63,0.0,0.0,0.0,4.63,1.1991838671828035,0,,0,,,non_impact,Heat-linked,21.631033898414216,Low baseline HC,-4.774928640427699
Mantis_Reef,-12.334002777777778,North,2022,2022,2024.0,2025,2025,,2.0,2.0,H -> H,H_to_H,H_to_H,H_to_H,Heatwave,Heatwave,Isolated Heatwave (Severe),Isolated Heatwave (Severe),2019,2020,2,30.005332681277878,22.984593749771914,2.2185505978544513,17.027397418840128,24.99993067638061,3.298522687587594,,,,0.4325209588672703,,,0.0,0.0,87.2553520295101,0.0,10.3,0.0,8.91,0.0,19.21,12.97793526243775,1,,0,,,recovery_unobserved,Heat-linked,21.631033898414216,High baseline HC,6.128517367721585
Mantis_Reef,-12.334002777777778,North,2025,2025,,2025,2025,,,,Isolated Heatwave,Isolated_Heatwave,Isolated_Heatwave,Isolated_Heatwave,Heatwave,,Isolated Heatwave (Severe),,2020,2023,4,23.46090768050111,19.892397620301335,2.9077640045900885,17.027397418840128,24.99993067638061,3.298522687587594,,,,0.2742225641596986,,,0.0,0.0,146.98228053664295,0.0,10.11,0.0,0.0,0.0,10.11,6.433510261660981,1,,0,,,recovery_unobserved,Heat-linked,21.631033898414216,High baseline HC,-0.4159076330551841
Masthead_Island,-23.54035555555556,South,2020,2020,2024.0,2025,2025,,4.0,4.0,H -> H,H_to_H,H_to_H,H_to_H,Heatwave,Heatwave,Isolated Heatwave (Severe),Isolated Heatwave (Severe),2016,2018,2,13.834427536775467,4.997536373158562,0.2541943856983433,31.966227201498565,3.0612135176570834,0.9775719025703472,,,,-1.0,,,0.0,0.0,51.692824065901696,0.0,8.85,0.0,11.17,0.0,20.02,-18.131799664723097,0,,0,,,non_impact,Heat-linked,21.631033898414216,Low baseline HC,-10.042387776780826
McCulloch_Reef,-17.29170277777778,Central,2010,2010,2011.0,2012,2012,2016.0,1.0,1.0,S -> S,S_to_S,S_to_S,S_to_S,Storm,Storm,Isolated Storm,Isolated Storm,2006,2008,2,16.758389201243197,10.588324941213196,,10.008386791704774,13.166700634897992,,11.436886730970691,20.95512364301969,,0.40278348524318097,0.35712498481647925,0.08524088575051986,0.0033333333333333335,0.0,43.75202680016097,18.51984,1.02,41.000868,2.01,59.520708,3.03,6.750002409538423,1,1.428499939265917,1,0.2116295450868736,0.0,failed,Storm-linked,21.631033898414216,Low baseline HC,-7.118426112313095
McCulloch_Reef,-17.29170277777778,Central,2020,2020,,2020,2020,,,,Isolated Heatwave,Isolated_Heatwave,Isolated_Heatwave,Isolated_Heatwave,Heatwave,,Isolated Heatwave (Moderate),,2016,2018,2,8.221585730260545,15.77694539583095,,4.3853321477774685,8.535389061209242,,,,,0.4666075022928094,,,0.0,0.0,46.11106355921838,0.0,5.53,0.0,0.0,0.0,5.53,3.836253582483076,0,,0,,,non_impact,Heat-linked,21.631033898414216,Low baseline HC,-15.655229583295748
McSweeney_Reef,-11.024166666666668,North,2024,2024,2025.0,2025,2025,,1.0,1.0,H -> H,H_to_H,H_to_H,H_to_H,Heatwave,Heatwave,Isolated Heatwave (Moderate),Isolated Heatwave (Severe),2020,2022,3,9.91140477021983,15.44696123019169,0.6992119447902603,11.97396097435345,19.465774328306868,0.22290647543015,,,,-0.20809928077307982,,,0.09000000000000001,0.0,44.012380720416,0.0,5.43,0.0,12.2,0.0,17.63,-2.062556204133619,0,,0,,,non_impact,Heat-linked,21.631033898414216,Low baseline HC,-13.965410543336462
Michaelmas_Cay,-16.565555555555555,Central,2010,2010,,2013,2013,2017.0,,,Isolated Storm,Isolated_Storm,Isolated_Storm,Isolated_Storm,Storm,,Isolated Storm,,2005,2007,2,21.710311586578865,2.8070348933352665,3.240102179458314,13.099113936686338,13.68809143576016,5.74370637657635,20.41020459633629,14.81946193048749,6.85606921877095,0.39664090566143223,1.8277726649124877,0.3367565974580303,0.0,0.0,,18.51984,1.5,0.0,0.0,18.51984,1.5,8.611197649892526,1,7.311090659649951,1,0.8490213506760234,1.0,recovered,Storm-linked,21.631033898414216,High baseline HC,-2.166503726977428
Michaelmas_Cay,-16.565555555555555,Central,2017,2017,2020.0,2021,2021,,3.0,3.0,H -> H,H_to_H,H_to_H,H_to_H,Heatwave,Heatwave,Isolated Heatwave (Severe),Isolated Heatwave (Moderate),2013,2015,2,14.946446284503782,13.68809143576016,4.414772338515748,15.465814457520736,9.107499853485011,6.747258050105116,,,,-0.03474860599843226,,,0.0033333333333333335,0.0,33.38200723578218,0.0,10.96,0.0,7.83,0.0,18.79,-0.5193681730169537,0,,0,,,non_impact,Heat-linked,21.631033898414216,Low baseline HC,-8.93036902905251
Monsoon_Reef,-11.131944444444445,North,2024,2024,2025.0,2025,2025,,1.0,1.0,H -> H,H_to_H,H_to_H,H_to_H,Heatwave,Heatwave,Isolated Heatwave (Moderate),Isolated Heatwave (Severe),2020,2022,3,13.971060833979417,15.209827765594445,0.7213740019392089,16.597777983675083,20.751012872365592,0.3853188414077809,,,,-0.18801128854203775,,,0.08,0.07,45.06458757486617,0.0,5.4,0.0,11.95,0.0,17.35,-2.6267171496956667,0,,0,,,non_impact,Heat-linked,21.631033898414216,Low baseline HC,-9.905754479576876
Moore_Reef,-16.86277777777778,Central,2010,2010,2011.0,2012,2012,2016.0,1.0,1.0,S -> S,S_to_S,S_to_S,S_to_S,Storm,Storm,Isolated Storm,Isolated Storm,2006,2008,3,23.21672131173496,5.168140622589725,5.780647386974782,18.63093681088769,9.658052193781074,4.2350850398302,28.63381377128944,18.91830945922026,6.105009886904184,0.19752076269827873,2.5007192401004374,0.43084795764618866,0.0,0.0,30.320716745733243,18.51984,1.22,23.242731572016485,1.7,41.76257157201648,2.92,4.5857845008472715,0,10.00287696040175,1,,,non_impact,Storm-linked,21.631033898414216,High baseline HC,-0.6600940018213315
Moore_Reef,-16.86277777777778,Central,2020,2020,,2020,2020,,,,Isolated Heatwave,Isolated_Heatwave,Isolated_Heatwave,Isolated_Heatwave,Heatwave,,Isolated Heatwave (Moderate),,2016,2018,2,20.203209432676815,12.32444753751673,7.92236542343497,14.956806731098016,4.735319382021261,7.003489874143176,,,,0.2596816470700556,,,0.0,0.0,38.24307371208946,0.0,5.6000000000000005,0.0,0.0,0.0,5.6000000000000005,5.246402701578798,1,,0,,,recovery_unobserved,Heat-linked,21.631033898414216,Low baseline HC,-3.673605880879478
Myrmidon_Reef,-18.26536388888889,Central,2011,2011,,2011,2011,2015.0,,,Isolated Storm,Isolated_Storm,Isolated_Storm,Isolated_Storm,Storm,,Isolated Storm,,2007,2009,2,26.295857120991297,16.540604919746464,2.9246722224731196,19.65680965325989,5.638791990225919,2.2291163488672394,23.031454911907243,23.83423872878893,2.043163871295887,0.2524750357892547,0.8436613146618379,0.12833372356413741,0.0,0.0,46.79636677348321,24.724397130988542,2.2,0.0,0.0,24.724397130988542,2.2,6.639047467731405,1,3.3746452586473517,1,0.5083026254970405,1.0,recovered,Storm-linked,21.631033898414216,High baseline HC,2.419041807435004
Myrmidon_Reef,-18.26536388888889,Central,2016,2016,2017.0,2017,2017,2021.0,1.0,1.0,H -> H,H_to_H,H_to_H,H_to_H,Heatwave,Heatwave,Isolated Heatwave (Moderate),Isolated Heatwave (Moderate),2011,2013,2,21.049114969180568,11.898595494618439,2.9730761587272125,24.706993005882914,18.702247840283125,2.893091072848898,35.09108567472428,24.08108723816071,4.868103451098356,-0.17377823447960128,2.596023167210342,0.49332680656860967,0.0,0.0,,0.0,7.24,0.0,7.46,0.0,14.7,-3.6578780367023462,0,10.384092668841369,1,,,non_impact,Heat-linked,21.631033898414216,Low baseline HC,-2.8277003443757245
Myrmidon_Reef,-18.26536388888889,Central,2025,2025,,2025,2025,,,,Isolated Heatwave,Isolated_Heatwave,Isolated_Heatwave,Isolated_Heatwave,Heatwave,,Isolated Heatwave (Moderate),,2020,2023,4,36.27985708481139,18.208112962893413,4.384759012544127,39.29424518494229,20.076034815711587,4.606108832950056,,,,-0.08308709962898059,,,0.0,0.0,66.23719830827301,0.0,7.18,0.0,0.0,0.0,7.18,-3.014388100130901,0,,0,,,non_impact,Heat-linked,21.631033898414216,High baseline HC,12.403041771255097
North_Direction_Island,-14.743333333333332,North-Central,2015,2015,2016.0,2017,2017,2021.0,1.0,1.0,S -> H,S_to_H,S_to_H,S_to_H,Storm,Heatwave,Isolated Storm,Isolated Heatwave (Severe),2010,2013,3,35.006965311508544,11.359236363101354,2.3893581348293154,4.628370176594759,7.019535250804417,1.854313903534097,9.94392595282751,9.703291353143104,5.89206483832576,0.8677871636284571,1.3288889440581877,0.15184280410862294,0.23666666666666666,0.0,30.055487449382543,29.117304,1.82,0.0,8.94,29.117304,10.76,30.378595134913787,1,5.315555776232751,1,0.1749770110377369,0.0,failed,Storm-linked,21.631033898414216,High baseline HC,11.130149997952252
North_Direction_Island,-14.743333333333332,North-Central,2017,2017,2020.0,2021,2021,2025.0,3.0,3.0,H -> H,H_to_H,H_to_H,H_to_H,Heatwave,Heatwave,Isolated Heatwave (Severe),Isolated Heatwave (Moderate),2013,2015,2,21.98156904858739,9.442014300589719,2.5425841916512697,9.94392595282751,9.703291353143104,5.89206483832576,12.594801776024674,9.020027708800582,1.450438601615991,0.5476243788217411,0.6627189557992912,0.12059538685968002,0.0,0.0,20.39213343147992,0.0,8.74,0.0,6.57,0.0,15.31,12.03764309575988,1,2.6508758231971647,1,0.2202155191102904,0.0,failed,Heat-linked,21.631033898414216,High baseline HC,-1.895246264968904
North_Direction_Island,-14.743333333333332,North-Central,2024,2024,2025.0,2025,2025,,1.0,1.0,H -> H,H_to_H,H_to_H,H_to_H,Heatwave,Heatwave,Isolated Heatwave (Moderate),Isolated Heatwave (Moderate),2019,2022,3,8.97861657868245,11.878192454221328,5.224313908310887,12.594801776024674,9.020027708800582,1.450438601615991,,,,-0.40275527589940524,,,0.0,0.0,23.42057635151533,0.0,6.23,0.0,6.8,0.0,13.030000000000001,-3.616185197342224,0,,0,,,non_impact,Heat-linked,21.631033898414216,Low baseline HC,-14.898198734873842
One_Tree_Island,-23.495,South,1998,1998,2002.0,2005,2005,2009.0,4.0,4.0,H -> H,H_to_H,H_to_H,H_to_H,Heatwave,Heatwave,Isolated Heatwave (Moderate),Isolated Heatwave (Moderate),1993,1996,4,8.98614848320653,,5.160075504810836,65.26298705789986,,0.3889278835583325,21.43554336381112,3.6850093747866666,6.646847776677152,-1.0,-10.956860923522186,-4.877222291173379,0.0,0.0,19.81685754921858,0.0,4.6000000000000005,0.0,5.38,0.0,9.98,-56.27683857469333,0,-43.82744369408874,1,,,non_impact,Heat-linked,21.631033898414216,Low baseline HC,-14.890666830349762
One_Tree_Island,-23.495,South,2024,2024,,2025,2025,,,,Isolated Heatwave,Isolated_Heatwave,Isolated_Heatwave,Isolated_Heatwave,Heatwave,,Isolated Heatwave (Severe),,2019,2022,3,64.15316891994213,31.851447573596587,0.2413982846884796,19.17891489677709,5.75338703414633,3.5719392206058007,,,,0.7010449332485696,,,0.016666666666666666,0.04,72.19605182039244,0.0,11.53,0.0,0.0,0.0,11.53,44.974254023165045,1,,0,,,recovery_unobserved,Heat-linked,21.631033898414216,High baseline HC,40.27635360638584
Opal_Reef,-16.21527777777778,Central,2008,2008,,2009,2009,2013.0,,,Isolated Heatwave,Isolated_Heatwave,Isolated_Heatwave,Isolated_Heatwave,Heatwave,,Isolated Heatwave (Moderate),,2003,2005,3,20.178393877862096,,3.374211674193012,24.25474117730312,7.236329468649156,0.8516517869325071,21.662781901489005,9.240595961252705,3.600838892919056,-0.20201544900524634,-0.6479898189535289,-0.12845220940293858,0.0,0.0,,0.0,6.890000000000001,0.0,0.0,0.0,6.890000000000001,-4.076347299441025,0,-2.5919592758141157,1,,,non_impact,Heat-linked,21.631033898414216,Low baseline HC,-3.698421435694197
Opal_Reef,-16.21527777777778,Central,2016,2016,2017.0,2019,2019,,1.0,1.0,H -> H,H_to_H,H_to_H,H_to_H,Heatwave,Heatwave,Isolated Heatwave (Moderate),Isolated Heatwave (Severe),2011,2013,2,24.18487915373919,7.118968785692918,3.0417556158667454,3.7035191745506144,3.4454344687365386,4.155096625825684,,,,0.846866335324317,,,0.0,0.0,,0.0,6.8100000000000005,0.0,9.44,0.0,16.25,20.481359979188575,1,,0,,,recovery_unobserved,Heat-linked,21.631033898414216,High baseline HC,0.30806384018289634
Opal_Reef,-16.21527777777778,Central,2020,2020,,2021,2021,,,,Isolated Heatwave,Isolated_Heatwave,Isolated_Heatwave,Isolated_Heatwave,Heatwave,,Isolated Heatwave (Severe),,2015,2017,2,15.226535621621156,6.837865407010861,8.047208039442154,5.345937863586432,4.278953223107827,8.545771205500458,,,,0.6489064882234024,,,0.0,0.0,,0.0,8.1,0.0,0.0,0.0,8.1,9.880597758034725,1,,0,,,recovery_unobserved,Heat-linked,21.631033898414216,Low baseline HC,-8.650279691935136
Pandora_Reef,-18.81261388888889,Central,2003,2003,2007.0,2009,2009,2014.0,4.0,4.0,H -> H,H_to_H,H_to_H,H_to_H,Heatwave,Heatwave,Isolated Heatwave (Severe),Isolated Heatwave (Severe),1998,2001,4,43.50754701510758,,,47.96928291642734,5.310024115123274,,36.900631192207925,7.3521810099018525,,-0.10255084939103692,-2.2137303448438828,-0.2544076254259044,0.0,0.0,22.6569623260015,0.0,11.73,0.0,10.35,0.0,22.08,-4.461735901319756,0,-11.068651724219414,1,,,non_impact,Heat-linked,21.631033898414216,High baseline HC,19.63073170155129
Pandora_Reef,-18.81261388888889,Central,2014,2014,2016.0,2017,2017,2021.0,2.0,2.0,H -> H,H_to_H,H_to_H,H_to_H,Heatwave,Heatwave,Isolated Heatwave (Moderate),Isolated Heatwave (Moderate),2009,2011,2,42.70198545211045,5.030149031833007,,37.45549533471471,8.329985885143397,,41.81565699033308,4.074291764760882,,0.12286290817272623,1.0900404139045925,0.10210676645253924,0.0,0.0,18.434561534995808,0.0,5.26,0.0,4.05,0.0,9.309999999999999,5.246490117395737,1,4.36016165561837,1,0.8310625881408646,1.0,recovered,Heat-linked,21.631033898414216,High baseline HC,18.825170138554157
Pandora_Reef,-18.81261388888889,Central,2017,2017,2018.0,2019,2019,2023.0,1.0,1.0,H -> H,H_to_H,H_to_H,H_to_H,Heatwave,Heatwave,Isolated Heatwave (Severe),Isolated Heatwave (Severe),2014,2015,2,36.89854234924758,7.031522986581816,,40.34647010106474,6.553727295126556,,49.24365004297208,4.815804069092046,,-0.0934434677441254,2.224294985476835,0.2411255127016899,0.0,0.0,13.924767579237594,0.0,8.52,0.0,14.37,0.0,22.89,-3.4479277518171614,0,8.89717994190734,1,,,non_impact,Heat-linked,21.631033898414216,High baseline HC,13.021727035691285
Pandora_Reef,-18.81261388888889,Central,2022,2022,2025.0,2025,2025,,3.0,3.0,H -> H,H_to_H,H_to_H,H_to_H,Heatwave,Heatwave,Isolated Heatwave (Severe),Isolated Heatwave (Moderate),2017,2019,2,38.900982717889725,7.441856590134977,,42.40765651269197,7.043433688618002,,,,,-0.09014357863997102,,,0.0,0.0,23.129051443449544,0.0,8.72,0.0,5.68,0.0,14.4,-3.5066737948022464,0,,0,,,non_impact,Heat-linked,21.631033898414216,High baseline HC,15.024167404333433
Pandora_Reef,-18.81261388888889,Central,2024,2024,2024.0,2025,2025,,0.0,0.0,S -> H,S_to_H,S_to_H,S_to_H,Storm,Heatwave,Sequential S->H (Same Year),Sequential S->H (Same Year),2019,2022,3,41.17264518881968,5.889897538578711,,42.40765651269197,7.043433688618002,,,,,-0.029995918848751954,,,0.0,0.0,25.776155544830296,23.818572,0.0,0.0,6.58,23.818572,6.58,-1.2350113238722926,0,,0,,,non_impact,Storm-linked,21.631033898414216,High baseline HC,17.295829875263387
Peart_Reef,-17.47472222222222,Central,2011,2011,,2012,2012,2016.0,,,Isolated Storm,Isolated_Storm,Isolated_Storm,Isolated_Storm,Storm,,Isolated Storm,,2006,2008,2,16.170352628830177,14.476836134851494,9.527273265324391,29.674282640536408,20.51424026629685,2.7282627766075795,41.487302692448985,17.82971758235354,6.138499304402041,-0.8351042380875497,2.9532550129781443,0.7305357108200042,0.0,0.0,,41.000868,1.29,0.0,0.0,41.000868,1.29,-13.503930011706231,0,11.813020051912577,1,,,non_impact,Storm-linked,21.631033898414216,Low baseline HC,-7.706462684726116
Peart_Reef,-17.47472222222222,Central,2020,2020,2022.0,2022,2022,2025.0,2.0,2.0,H -> H,H_to_H,H_to_H,H_to_H,Heatwave,Heatwave,Isolated Heatwave (Moderate),Isolated Heatwave (Moderate),2016,2018,2,26.329801486729757,13.988907331868754,9.766694231076459,23.98623263469546,29.3854845894914,10.32962661196608,26.4212783468552,26.3735993056718,11.148340852125664,0.08900822337059608,0.811681904053246,0.0924824941573146,0.14333333333333334,0.0,31.294646971543365,0.0,5.5600000000000005,0.0,4.47,0.0,10.030000000000001,2.343568852034295,0,2.435045712159738,1,,,non_impact,Heat-linked,21.631033898414216,High baseline HC,2.452986173173464
Peart_Reef,-17.47472222222222,Central,2024,2024,2025.0,2025,2025,,1.0,1.0,H -> H,H_to_H,H_to_H,H_to_H,Heatwave,Heatwave,Isolated Heatwave (Moderate),Isolated Heatwave (Moderate),2020,2022,2,18.933085996793068,19.475391807544177,12.87713955618484,26.4212783468552,26.3735993056718,11.148340852125664,,,,-0.3955082838228538,,,0.0,0.0,38.539020541740655,0.0,5.08,0.0,6.7,0.0,11.780000000000001,-7.488192350062132,0,,0,,,non_impact,Heat-linked,21.631033898414216,Low baseline HC,-4.943729316763225
Pompey_Reef_No_1,-20.93496111111111,South,2017,2017,2020.0,2020,2020,2024.0,3.0,3.0,H -> H,H_to_H,H_to_H,H_to_H,Heatwave,Heatwave,Isolated Heatwave (Moderate),Isolated Heatwave (Severe),2012,2014,2,39.77657880291528,25.18297761503863,2.5175016395832492,12.963861789107106,21.85463824439439,11.356980628064708,26.85639468779374,32.88133835784218,0.864843449050243,0.6740830363179207,3.473133224671658,0.3492641478172685,0.0,0.0,,0.0,4.24,0.0,8.94,0.0,13.18,26.812717013808175,1,13.892532898686632,1,0.5181322314904592,1.0,recovered,Heat-linked,21.631033898414216,High baseline HC,15.899763489358989
Pompey_Reef_No_1,-20.93496111111111,South,2022,2022,2024.0,2025,2025,,2.0,2.0,H -> H,H_to_H,H_to_H,H_to_H,Heatwave,Heatwave,Isolated Heatwave (Moderate),Isolated Heatwave (Severe),2018,2020,2,10.98240308373947,22.958124543162747,7.219079419831678,24.73710245088624,29.36877054126917,1.595058714999637,,,,-1.0,,,0.0,0.0,57.464442075650666,0.0,4.28,0.0,8.63,0.0,12.91,-13.75469936714677,0,,0,,,non_impact,Heat-linked,21.631033898414216,Low baseline HC,-12.894412229816822
Pompey_Reef_No_2,-20.988641666666663,South,2020,2020,2024.0,2024,2024,,4.0,4.0,H -> H,H_to_H,H_to_H,H_to_H,Heatwave,Heatwave,Isolated Heatwave (Severe),Isolated Heatwave (Severe),2016,2018,2,18.052179079084347,16.99839328644312,1.8568939952787717,23.61100800344921,25.53636633142471,0.7057045516965084,,,,-0.3079311865904015,,,0.0,0.0,25.677513398381937,0.0,8.97,0.0,8.63,0.0,17.6,-5.558828924364864,0,,0,,,non_impact,Heat-linked,21.631033898414216,Low baseline HC,-5.824636234471946
Rebe_Reef,-19.7981,Central,2004,2004,,2007,2007,2011.0,,,Isolated Heatwave,Isolated_Heatwave,Isolated_Heatwave,Isolated_Heatwave,Heatwave,,Isolated Heatwave (Moderate),,1999,2002,4,19.605132092364297,,0.4719613043245138,18.11041507736537,7.312275357736754,0.2720162992593848,3.226949971477211,3.2016499437352293,1.7431638812640216,0.07624110911148008,-3.72086627647204,-0.7591616845920102,0.0,0.0,34.206690655511906,0.0,5.0,0.0,0.0,0.0,5.0,1.4947170149989262,0,-14.88346510588816,1,,,non_impact,Heat-linked,21.631033898414216,Low baseline HC,-4.271683221191996
Rebe_Reef,-19.7981,Central,2009,2009,2010.0,2013,2013,2017.0,1.0,1.0,S -> S,S_to_S,S_to_S,S_to_S,Storm,Storm,Isolated Storm,Isolated Storm,2004,2007,3,18.81753898898894,7.312275357736754,0.1388131255267207,2.496085530265719,8.89194541063046,0.553769728135959,13.629582830721851,24.888148063966963,1.1901571681274916,0.867353242540042,2.783374325114033,0.5916553331958491,0.0,0.0,64.30878953739189,42.338412,3.83,29.117304,1.54,71.455716,5.37,16.32145345872322,1,11.133497300456131,1,0.6821388382237297,1.0,recovered,Storm-linked,21.631033898414216,Low baseline HC,-5.059276324567353
Rebe_Reef,-19.7981,Central,2022,2022,2024.0,2025,2025,,2.0,2.0,H -> H,H_to_H,H_to_H,H_to_H,Heatwave,Heatwave,Isolated Heatwave (Moderate),Isolated Heatwave (Severe),2017,2019,2,17.283975312662605,20.81827012692532,1.211805913662623,23.00039497518344,19.306064197498525,0.9813746670964256,,,,-0.3307352364900027,,,0.0,0.0,78.93357474758474,0.0,6.8500000000000005,0.0,11.14,0.0,17.990000000000002,-5.716419662520835,0,,0,,,non_impact,Heat-linked,21.631033898414216,Low baseline HC,-6.592840000893688
Reef_11_049,-11.360869444444443,North,2022,2022,2024.0,2025,2025,,2.0,2.0,H -> H,H_to_H,H_to_H,H_to_H,Heatwave,Heatwave,Isolated Heatwave (Moderate),Isolated Heatwave (Moderate),2019,2020,2,15.527238269655335,13.357516139100715,0.49567401180943516,20.28166719554286,30.42582932864704,0.3883683527929467,,,,-0.3061992637273454,,,0.11666666666666665,0.78,48.08051542964441,0.0,5.8100000000000005,0.0,5.17,0.0,10.98,-4.754428925887524,0,,0,,,non_impact,Heat-linked,21.631033898414216,Low baseline HC,-8.349577043900958
Reef_11_049,-11.360869444444443,North,2025,2025,,2025,2025,,,,Isolated Heatwave,Isolated_Heatwave,Isolated_Heatwave,Isolated_Heatwave,Heatwave,,Isolated Heatwave (Severe),,2020,2023,4,19.77472157896388,16.04985158616443,0.6120707398371397,20.28166719554286,30.42582932864704,0.3883683527929467,,,,-0.025636043195584657,,,0.2866666666666667,0.44,68.58509226284946,0.0,10.82,0.0,0.0,0.0,10.82,-0.5069456165789781,0,,0,,,non_impact,Heat-linked,21.631033898414216,Low baseline HC,-4.102093734592412
Reef_11_162,-11.545216666666668,North,2024,2024,2025.0,2025,2025,,1.0,1.0,H -> H,H_to_H,H_to_H,H_to_H,Heatwave,Heatwave,Isolated Heatwave (Moderate),Isolated Heatwave (Severe),2020,2022,3,16.2053545240572,16.608557474913376,0.626207936597408,18.73172091269631,31.086479438975683,0.5609849216522057,,,,-0.15589701446448864,,,0.02,0.0,45.841592301125786,0.0,4.33,0.0,8.58,0.0,12.91,-2.5263663886391114,0,,0,,,non_impact,Heat-linked,21.631033898414216,Low baseline HC,-7.671460789499093
Reef_13_124,-13.868169444444446,North,2017,2017,2020.0,2020,2020,2024.0,3.0,3.0,H -> H,H_to_H,H_to_H,H_to_H,Heatwave,Heatwave,Isolated Heatwave (Severe),Isolated Heatwave (Moderate),2013,2015,2,27.28746920743704,,,25.79244881095199,20.23526119249475,2.2641037155540835,32.52427362052329,28.64634659547643,1.075565592249961,0.05478779967171136,1.682956202392825,0.24670022560159519,0.13666666666666666,0.1,,0.0,10.02,0.0,6.23,0.0,16.25,1.495020396485053,0,6.7318248095713,1,,,non_impact,Heat-linked,21.631033898414216,High baseline HC,3.410653893880749
Reef_13_124,-13.868169444444446,North,2024,2024,2025.0,2026,2026,,1.0,1.0,H -> H,H_to_H,H_to_H,H_to_H,Heatwave,Heatwave,Isolated Heatwave (Moderate),Isolated Heatwave (Severe),2019,2022,4,28.87035678291937,23.221046862575697,1.3424334055303622,33.406799233300525,,,,,,-0.15713149943006802,,,0.0,0.0,39.69977937392058,0.0,7.65,0.0,9.62,0.0,17.27,-4.536442450381156,0,,0,,,non_impact,Heat-linked,21.631033898414216,High baseline HC,4.993541469363077
Reef_19_131,-19.75961388888889,Central,2010,2010,2011.0,2011,2011,2015.0,1.0,1.0,S -> S,S_to_S,S_to_S,S_to_S,Storm,Storm,Isolated Storm,Isolated Storm,2005,2007,2,40.31290359653581,14.542768334181616,0.8880900839633628,41.426381208148,6.667632843163999,1.6731574841839594,45.65885291206999,21.217060781880456,0.8690536750965813,-0.027620873523679246,1.058117925980497,0.10499049501077602,0.0,0.0,,29.117304,0.62,18.51984,0.0,47.637144,0.62,-1.1134776116121898,0,4.232471703921988,1,,,non_impact,Storm-linked,21.631033898414216,High baseline HC,16.43608828297952
Reef_19_131,-19.75961388888889,Central,2020,2020,2022.0,2023,2023,,2.0,2.0,S -> H,S_to_H,S_to_H,S_to_H,Storm,Heatwave,Isolated Storm,Isolated Heatwave (Moderate),2015,2017,2,50.050632013609956,20.723147915744608,0.63536019228616,43.323680639249865,14.534979300374324,3.4049585920700105,,,,0.13440292567196502,,,0.0,0.0,,38.377224,3.0700000000000003,0.0,5.01,38.377224,8.08,6.726951374360091,1,,0,,,recovery_unobserved,Storm-linked,21.631033898414216,High baseline HC,26.173816700053663
Reef_19_131,-19.75961388888889,Central,2024,2024,,2024,2024,,,,Isolated Heatwave,Isolated_Heatwave,Isolated_Heatwave,Isolated_Heatwave,Heatwave,,Isolated Heatwave (Moderate),,2019,2022,3,42.63609536290137,22.30467084871741,1.1849973519901917,45.61185335130897,15.535553573904844,0.4765696159620525,,,,-0.06979433653760131,,,0.0,0.0,44.01241982270168,0.0,5.82,0.0,0.0,0.0,5.82,-2.975757988407601,0,,0,,,non_impact,Heat-linked,21.631033898414216,High baseline HC,18.75928004934508
Reef_19_138,-19.85005555555556,Central,2010,2010,2011.0,2011,2011,2015.0,1.0,1.0,S -> S,S_to_S,S_to_S,S_to_S,Storm,Storm,Isolated Storm,Isolated Storm,2005,2008,4,32.38499512991444,,0.34152473575690273,28.164262225356907,,1.907380681356727,41.93183664259121,,0.921129754672595,0.13032989159411001,3.441893604308575,0.4251220159831679,0.0,0.0,,29.117304,1.11,18.51984,0.0,47.637144,1.11,4.220732904557529,0,13.7675744172343,1,,,non_impact,Storm-linked,21.631033898414216,High baseline HC,8.508179816358144
Reef_19_138,-19.85005555555556,Central,2022,2022,2024.0,2024,2024,,2.0,2.0,H -> H,H_to_H,H_to_H,H_to_H,Heatwave,Heatwave,Isolated Heatwave (Moderate),Isolated Heatwave (Moderate),2017,2019,2,42.02409212930032,,0.916418510040196,50.53699495568969,,1.206896886069899,,,,-0.20257196277308626,,,0.013333333333333334,0.03,56.84707934191421,0.0,5.75,0.0,6.0200000000000005,0.0,11.77,-8.512902826389372,0,,0,,,non_impact,Heat-linked,21.631033898414216,High baseline HC,18.14727681574403
Reef_20_104,-20.031713888888888,South,2010,2010,,2010,2010,2013.0,,,Isolated Storm,Isolated_Storm,Isolated_Storm,Isolated_Storm,Storm,,Isolated Storm,,2005,2007,2,48.33788183453526,14.661095110521016,1.113160008111917,15.295215205172893,,,37.99528067105546,25.29710809103936,1.9925526024878435,0.683577049206878,7.5666884886275225,0.4696123331093996,0.16,0.0,,29.117304,1.14,0.0,0.0,29.117304,1.14,33.042666629362365,1,22.700065465882567,1,0.6869925396914195,1.0,recovered,Storm-linked,21.631033898414216,High baseline HC,24.461066520978967
Reef_20_104,-20.031713888888888,South,2024,2024,,2025,2025,,,,Isolated Heatwave,Isolated_Heatwave,Isolated_Heatwave,Isolated_Heatwave,Heatwave,,Isolated Heatwave (Moderate),,2021,2022,2,37.60570362637359,17.279415287321786,1.148583248477404,37.18468541884122,,,,,,0.011195594469268275,,,0.0,0.0,,0.0,5.5600000000000005,0.0,0.0,0.0,5.5600000000000005,0.42101820753237007,0,,0,,,non_impact,Heat-linked,21.631033898414216,High baseline HC,13.728888312817297
Reef_20_353,-20.96339722222222,South,2020,2020,,2020,2020,,,,Isolated Heatwave,Isolated_Heatwave,Isolated_Heatwave,Isolated_Heatwave,Heatwave,,Isolated Heatwave (Moderate),,2016,2018,2,26.285237766170802,21.305169458465556,0.9294256973984484,33.44469672660422,18.64574053883248,4.593963530686543,,,,-0.2723756590723204,,,0.0,0.0,17.726557378133148,0.0,5.66,0.0,0.0,0.0,5.66,-7.159458960433419,0,,0,,,non_impact,Heat-linked,21.631033898414216,High baseline HC,2.4084224526145093
Reef_21_060,-21.01388888888889,South,2024,2024,,2024,2024,,,,Isolated Heatwave,Isolated_Heatwave,Isolated_Heatwave,Isolated_Heatwave,Heatwave,,Isolated Heatwave (Severe),,2020,2022,2,14.072851378419717,20.81064433232949,8.73277132023123,14.520742210618176,37.190700425713615,0.5684799049864541,,,,-0.031826587246226834,,,0.0,0.0,53.51051365470705,0.0,8.99,0.0,0.0,0.0,8.99,-0.4478908321984587,0,,0,,,non_impact,Heat-linked,21.631033898414216,Low baseline HC,-9.803963935136576
Reef_21_064,-21.05777777777778,South,2020,2020,2024.0,2026,2026,,4.0,4.0,H -> H,H_to_H,H_to_H,H_to_H,Heatwave,Heatwave,Isolated Heatwave (Moderate),Isolated Heatwave (Severe),2016,2018,2,10.132745300355703,18.12125611351972,1.3752343149283384,24.58518877873856,,,,,,-1.0,,,0.17333333333333334,1.88,30.11656778130269,0.0,7.34,0.0,8.82,0.0,16.16,-14.452443478382856,0,,0,,,non_impact,Heat-linked,21.631033898414216,Low baseline HC,-13.74407001320059
Reef_21_139,-21.472475,South,2020,2020,2024.0,2025,2025,,4.0,4.0,H -> H,H_to_H,H_to_H,H_to_H,Heatwave,Heatwave,Isolated Heatwave (Moderate),Isolated Heatwave (Severe),2016,2018,2,26.17679007439525,34.9915751592637,3.646891107038278,19.733488160535856,14.976580983405126,4.760243449776748,,,,0.24614560821045398,,,0.0,0.0,30.483924862586665,0.0,5.57,0.0,8.6,0.0,14.17,6.443301913859393,1,,0,,,recovery_unobserved,Heat-linked,21.631033898414216,High baseline HC,2.299974760838957
Reef_21_245,-21.301666666666662,South,2014,2014,2018.0,2020,2020,,4.0,4.0,H -> H,H_to_H,H_to_H,H_to_H,Heatwave,Heatwave,Isolated Heatwave (Moderate),Isolated Heatwave (Moderate),2010,2012,2,15.869766148257515,6.824913262155452,0.9661073310318136,37.73387830981951,13.841495534530704,1.3644045916708547,,,,-1.0,,,0.0,0.0,43.87866354042895,0.0,6.78,0.0,4.22,0.0,11.0,-21.864112161561994,0,,0,,,non_impact,Heat-linked,21.631033898414216,Low baseline HC,-8.007049165298778
Reef_21_245,-21.301666666666662,South,2019,2019,2020.0,2020,2020,,1.0,1.0,H -> H,H_to_H,H_to_H,H_to_H,Heatwave,Heatwave,Isolated Heatwave (Severe),Isolated Heatwave (Moderate),2014,2016,2,27.4420765949908,20.932016377630198,1.6927537897599887,37.73387830981951,13.841495534530704,1.3644045916708547,,,,-0.3750372782177623,,,0.0,0.0,,0.0,12.43,0.0,4.55,0.0,16.98,-10.291801714828708,0,,0,,,non_impact,Heat-linked,21.631033898414216,High baseline HC,3.565261281434509
Reef_21_591,-21.02861111111111,South,2017,2017,2020.0,2020,2020,2024.0,3.0,3.0,H -> H,H_to_H,H_to_H,H_to_H,Heatwave,Heatwave,Isolated Heatwave (Moderate),Isolated Heatwave (Severe),2012,2014,2,28.698247031119564,27.22698067454215,2.195443961659884,15.935603307575375,28.313231832297035,9.384549341992315,19.970891213559504,31.97703534107689,2.4287621259163688,0.4447185819295771,1.0088219764960322,0.1406109544463945,0.0,0.0,,0.0,4.29,0.0,8.9,0.0,13.190000000000001,12.762643723544189,1,4.035287905984129,1,0.31617962495810614,0.0,failed,Heat-linked,21.631033898414216,High baseline HC,4.8214317175632715
Reef_21_591,-21.02861111111111,South,2022,2022,2024.0,2024,2024,,2.0,2.0,H -> H,H_to_H,H_to_H,H_to_H,Heatwave,Heatwave,Isolated Heatwave (Moderate),Isolated Heatwave (Severe),2018,2020,2,14.023708849114103,26.376079395481515,7.024926861994354,19.970891213559504,31.97703534107689,2.4287621259163688,,,,-0.4240805644521844,,,0.0,0.0,61.67270011511894,0.0,4.39,0.0,8.13,0.0,12.52,-5.947182364445402,0,,0,,,non_impact,Heat-linked,21.631033898414216,Low baseline HC,-9.85310646444219
Reef_21_591,-21.02861111111111,South,2025,2025,,2025,2025,,,,Isolated Heatwave,Isolated_Heatwave,Isolated_Heatwave,Isolated_Heatwave,Heatwave,,Isolated Heatwave (Moderate),,2020,2023,3,18.634664128544035,29.46045854940818,5.684496837626444,22.571152819435543,35.98010651068754,1.7953531416746673,,,,-0.21124548656939351,,,0.0,0.0,43.79186410159457,0.0,4.11,0.0,0.0,0.0,4.11,-3.936488690891508,0,,0,,,non_impact,Heat-linked,21.631033898414216,Low baseline HC,-5.242151185012258
Reef_22_084,-22.000275,South,2024,2024,,2025,2025,,,,Isolated Heatwave,Isolated_Heatwave,Isolated_Heatwave,Isolated_Heatwave,Heatwave,,Isolated Heatwave (Severe),,2020,2022,2,17.227816372086995,12.12567336373756,0.2471675150056982,10.558523495026016,,,,,,0.38712351774695947,,,0.0,0.0,,0.0,8.45,0.0,0.0,0.0,8.45,6.669292877060979,1,,0,,,recovery_unobserved,Heat-linked,21.631033898414216,Low baseline HC,-6.648998941469298
Rib_Reef,-18.48361111111112,Central,2000,2000,,2003,2003,2007.0,,,Isolated Storm,Isolated_Storm,Isolated_Storm,Isolated_Storm,Storm,,Isolated Storm,,1995,1998,4,53.66461389743648,,0.9639040908088856,3.3462309512581743,,10.810557364593157,6.596470838306012,6.858684721516283,6.432896969440121,0.9376454853909232,0.8125599717619595,0.060565792819448565,2.0266666666666664,1.36,26.145483406271293,25.534092598201067,0.0,0.0,0.0,25.534092598201067,0.0,50.31838294617831,1,3.250239887047838,1,0.06459348843790089,0.0,failed,Storm-linked,21.631033898414216,High baseline HC,29.78779858388019
Rib_Reef,-18.48361111111112,Central,2022,2022,2025.0,2025,2025,,3.0,3.0,H -> H,H_to_H,H_to_H,H_to_H,Heatwave,Heatwave,Isolated Heatwave (Moderate),Isolated Heatwave (Moderate),2017,2020,4,10.560424222503286,14.435168376372658,3.8962899536580755,30.90179824253625,23.12834973018966,7.236702241956807,,,,-1.0,,,0.0,0.0,54.40792297048448,0.0,5.2,0.0,6.32,0.0,11.52,-20.341374020032962,0,,0,,,non_impact,Heat-linked,21.631033898414216,Low baseline HC,-13.316391091053006
Rib_Reef,-18.48361111111112,Central,2024,2024,2024.0,2024,2024,,0.0,0.0,S -> H,S_to_H,S_to_H,S_to_H,Storm,Heatwave,Sequential S->H (Same Year),Sequential S->H (Same Year),2019,2022,4,6.708832394894447,18.723403040269673,3.96639086441503,25.193787896433133,20.3456739428064,4.768971382239784,,,,-1.0,,,0.0,0.0,52.6813463696467,20.33621338401001,0.0,0.0,6.7,20.33621338401001,6.7,-18.484955501538685,0,,0,,,non_impact,Storm-linked,21.631033898414216,Low baseline HC,-17.167982918661846
Roxburgh_Reef,-18.436072222222226,Central,2011,2011,,2012,2012,2016.0,,,Isolated Storm,Isolated_Storm,Isolated_Storm,Isolated_Storm,Storm,,Isolated Storm,,2007,2008,2,12.449233174850857,8.647370871347855,2.1380504619558387,5.849375220633635,3.628693393022233,2.830572396322536,18.49258485527629,18.68948169667134,0.7943450029543099,0.5301417253192616,3.160802408660664,1.0155813982329174,0.0,0.0,,24.203893128179825,1.5,0.0,0.0,24.203893128179825,1.5,6.599857954217222,1,12.643209634642655,1,1.9156790528444347,1.0,recovered,Storm-linked,21.631033898414216,Low baseline HC,-11.427582138705436
Roxburgh_Reef,-18.436072222222226,Central,2016,2016,2017.0,2018,2018,,1.0,1.0,H -> H,H_to_H,H_to_H,H_to_H,Heatwave,Heatwave,Isolated Heatwave (Moderate),Isolated Heatwave (Moderate),2012,2014,2,6.314552733813878,9.651120980445965,2.552436012796559,10.312285713552315,12.593173720463083,2.1266366495923235,,,,-0.6330983599726591,,,0.0,0.0,60.27622454958196,0.0,5.0,0.0,7.54,0.0,12.54,-3.997732979738437,0,,0,,,non_impact,Heat-linked,21.631033898414216,Low baseline HC,-17.562262579742416
Sand_bank_No_1,-14.1985,North-Central,2022,2022,2022.0,2023,2023,,0.0,0.0,S -> H,S_to_H,S_to_H,S_to_H,Storm,Heatwave,Sequential S->H (Same Year),Sequential S->H (Same Year),2019,2020,2,30.38882571945325,20.167473064643378,4.524992773023305,37.73820646132727,24.21511968458317,3.9066418139588928,,,,-0.24184484157837507,,,0.0,0.0,43.14553846922543,19.857384,0.0,0.0,6.390000000000001,19.857384,6.390000000000001,-7.349380741874022,0,,0,,,non_impact,Storm-linked,21.631033898414216,High baseline HC,6.512010405896959
Sand_bank_No_1,-14.1985,North-Central,2024,2024,2025.0,2025,2025,,1.0,1.0,H -> H,H_to_H,H_to_H,H_to_H,Heatwave,Heatwave,Isolated Heatwave (Moderate),Isolated Heatwave (Severe),2019,2022,4,36.9578289940874,22.050165136888086,4.1197615917099535,41.72627597778458,20.52409961085193,2.974609958407994,,,,-0.12902400150344462,,,0.0,0.0,60.31206203836404,0.0,7.49,0.0,8.13,0.0,15.620000000000001,-4.7684469836971815,0,,0,,,non_impact,Heat-linked,21.631033898414216,High baseline HC,13.081013680531107
Slate_Reef,-19.667883333333336,Central,2010,2010,,2011,2011,2015.0,,,Isolated Storm,Isolated_Storm,Isolated_Storm,Isolated_Storm,Storm,,Isolated Storm,,2005,2007,2,39.03343660288863,10.490560605065602,0.46847868952031757,10.950684057441787,4.311380390957448,3.8178364910882014,17.653969041749072,25.38429520959232,0.8833751292712398,0.7194537552803795,1.6758212460768211,0.1717318680521001,0.0,0.0,,29.117304,0.77,0.0,0.0,29.117304,0.77,28.08275254544684,1,6.703284984307285,1,0.23869757686534587,0.0,failed,Storm-linked,21.631033898414216,High baseline HC,15.156621289332335
Slate_Reef,-19.667883333333336,Central,2022,2022,2024.0,2025,2025,,2.0,2.0,H -> H,H_to_H,H_to_H,H_to_H,Heatwave,Heatwave,Isolated Heatwave (Moderate),Isolated Heatwave (Severe),2017,2019,2,31.34449453672861,22.011534317677825,1.336841063853725,37.66785135522074,15.078250766550433,0.947858444407988,,,,-0.2017373995641434,,,0.0,0.0,46.38918904968692,0.0,5.63,0.0,8.61,0.0,14.239999999999998,-6.32335681849213,0,,0,,,non_impact,Heat-linked,21.631033898414216,High baseline HC,7.467679223172318
Small_Lagoon_Reef,-21.87138888888889,South,2024,2024,,2026,2026,,,,Isolated Heatwave,Isolated_Heatwave,Isolated_Heatwave,Isolated_Heatwave,Heatwave,,Isolated Heatwave (Severe),,2020,2022,2,20.11688593779416,16.620357696976715,0.5280627746662107,9.901715067216994,,,,,,0.5077908629677934,,,0.41,0.0,,0.0,8.69,0.0,0.0,0.0,8.69,10.215170870577165,1,,0,,,recovery_unobserved,Heat-linked,21.631033898414216,Low baseline HC,-3.759929375762134
Snake_Reef,-22.031944444444445,South,2024,2024,,2026,2026,,,,Isolated Heatwave,Isolated_Heatwave,Isolated_Heatwave,Isolated_Heatwave,Heatwave,,Isolated Heatwave (Moderate),,2019,2022,3,42.724919526658994,17.46385472387058,1.3714359411968795,21.887766023277504,,,,,,0.48770492102108626,,,1.9233333333333331,0.09,55.21236397164692,0.0,7.58,0.0,0.0,0.0,7.58,20.83715350338149,1,,0,,,recovery_unobserved,Heat-linked,21.631033898414216,High baseline HC,18.8481042131027
St_Crispin_Reef,-16.10346388888889,Central,2016,2016,2017.0,2018,2018,2022.0,1.0,1.0,H -> H,H_to_H,H_to_H,H_to_H,Heatwave,Heatwave,Isolated Heatwave (Moderate),Isolated Heatwave (Severe),2011,2014,4,18.527485707652072,14.378422355438566,0.9873397223037863,12.848689308633146,15.750822886854367,2.5840437763715447,34.84661438936501,25.264624497159605,1.0023841579715704,0.3065065864103469,5.499481270182965,1.1873130238954364,0.0033333333333333335,0.0,55.27794714955885,0.0,5.82,0.0,8.58,0.0,14.4,5.6787963990189265,1,21.99792508073186,1,3.873694976022074,1.0,recovered,Heat-linked,21.631033898414216,Low baseline HC,-5.34932960590422
St_Crispin_Reef,-16.10346388888889,Central,2020,2020,2022.0,2025,2025,,2.0,2.0,H -> H,H_to_H,H_to_H,H_to_H,Heatwave,Heatwave,Isolated Heatwave (Moderate),Isolated Heatwave (Moderate),2015,2018,4,15.934400643010404,22.773582336425186,2.016059172691137,33.07086898582612,17.993733338328866,1.6114633769062456,,,,-1.0,,,0.0,0.0,62.55085175259339,0.0,6.34,0.0,4.5,0.0,10.84,-17.13646834281571,0,,0,,,non_impact,Heat-linked,21.631033898414216,Low baseline HC,-7.9424146705458885
St_Crispin_Reef,-16.10346388888889,Central,2024,2024,2024.0,2026,2026,,0.0,0.0,S -> H,S_to_H,S_to_H,S_to_H,Storm,Heatwave,Sequential S->H (Same Year),Sequential S->H (Same Year),2019,2022,4,24.945689142279775,18.239152169155325,2.269118170158787,23.338841326065403,,,,,,0.06441384750084814,,,0.0,0.0,105.19828117020782,18.51984,0.0,0.0,5.87,18.51984,5.87,1.6068478162143727,0,,0,,,non_impact,Storm-linked,21.631033898414216,High baseline HC,1.0688738287234827
St_Crispin_Reef,-16.10346388888889,Central,2025,2025,,2026,2026,,,,Isolated Heatwave,Isolated_Heatwave,Isolated_Heatwave,Isolated_Heatwave,Heatwave,,Isolated Heatwave (Moderate),,2020,2023,4,29.776629295882156,20.15570850036977,1.8235968650337646,23.338841326065403,,,,,,0.21620271071806782,,,0.0,0.0,89.46277373005722,0.0,5.34,0.0,0.0,0.0,5.34,6.437787969816753,1,,0,,,recovery_unobserved,Heat-linked,21.631033898414216,High baseline HC,5.899813982325863
Taylor_Reef,-17.823888888888888,Central,2020,2020,2022.0,2023,2023,,2.0,2.0,H -> H,H_to_H,H_to_H,H_to_H,Heatwave,Heatwave,Isolated Heatwave (Moderate),Isolated Heatwave (Moderate),2016,2018,3,31.21508927026939,21.295705577754912,1.4228386528602672,8.222318546795194,13.239176161861517,1.2714493036721066,,,,0.7365915414944372,,,4.786666666666666,0.0,35.58706743583188,0.0,5.84,0.0,5.38,0.0,11.219999999999999,22.992770723474198,1,,0,,,recovery_unobserved,Heat-linked,21.631033898414216,High baseline HC,7.338273956713099
Taylor_Reef,-17.823888888888888,Central,2024,2024,2025.0,2025,2025,,1.0,1.0,H -> H,H_to_H,H_to_H,H_to_H,Heatwave,Heatwave,Isolated Heatwave (Moderate),Isolated Heatwave (Moderate),2020,2022,2,6.427982019813758,10.336472235145408,0.6930616006639183,14.041346200117315,18.16932747531618,2.405284860250393,,,,-1.0,,,0.0,0.0,67.87083560056749,0.0,4.6000000000000005,0.0,5.76,0.0,10.36,-7.613364180303558,0,,0,,,non_impact,Heat-linked,21.631033898414216,Low baseline HC,-17.448833293742535
Tern_Island,-20.91027777777777,South,2017,2017,2019.0,2020,2020,2024.0,2.0,2.0,H -> H,H_to_H,H_to_H,H_to_H,Heatwave,Heatwave,Isolated Heatwave (Moderate),Isolated Heatwave (Moderate),2012,2014,2,17.30656324415055,14.4878595167853,0.5974134145726973,20.433693276548336,11.65101276089178,1.400095908592942,11.841566468936628,10.969667114217888,0.5176790869243764,-0.18069041139376568,-2.148031701902927,-0.49646638020496436,0.0,0.0,,0.0,4.01,0.0,4.84,0.0,8.85,-3.127130032397787,0,-8.592126807611708,1,,,non_impact,Heat-linked,21.631033898414216,Low baseline HC,-6.570252069405743
Tern_Island,-20.91027777777777,South,2020,2020,2022.0,2025,2025,,2.0,2.0,H -> H,H_to_H,H_to_H,H_to_H,Heatwave,Heatwave,Isolated Heatwave (Severe),Isolated Heatwave (Moderate),2016,2018,2,21.13665964557321,14.01154774903061,1.9182810693258443,4.475354712083805,13.401750498898732,0.6343268652450957,,,,0.7882657530977886,,,0.01,0.0,50.927507414094094,0.0,8.11,0.0,5.0,0.0,13.11,16.661304933489404,1,,0,,,recovery_unobserved,Heat-linked,21.631033898414216,Low baseline HC,-2.740155667983082
Tern_Island,-20.91027777777777,South,2024,2024,,2025,2025,,,,Isolated Heatwave,Isolated_Heatwave,Isolated_Heatwave,Isolated_Heatwave,Heatwave,,Isolated Heatwave (Moderate),,2020,2022,2,28.29273659096389,11.65101276089178,1.400095908592942,4.475354712083805,13.401750498898732,0.6343268652450957,,,,0.8418196593427749,,,5.236666666666667,2.23,87.45456862494561,0.0,7.54,0.0,0.0,0.0,7.54,23.817381878880084,1,,0,,,recovery_unobserved,Heat-linked,21.631033898414216,High baseline HC,4.415921277407598
Thetford_Reef,-16.80611111111111,Central,1990,1990,1991.0,1994,1994,1998.0,1.0,1.0,S -> S,S_to_S,S_to_S,S_to_S,Storm,Storm,Isolated Storm,Isolated Storm,1986,1988,3,24.570225620197363,,,15.476507072507422,,1.2285885806302332,29.80890953045496,,2.257011711496014,0.3701113163655554,3.583100614486885,0.5833240068485953,0.0,0.0,,21.760466282362053,0.0,20.31405414732738,0.0,42.07452042968943,0.0,9.09371854768994,1,14.33240245794754,1,1.5760771990890758,1.0,recovered,Storm-linked,21.631033898414216,High baseline HC,0.69341030664107
Thetford_Reef,-16.80611111111111,Central,2010,2010,2011.0,2012,2012,2016.0,1.0,1.0,S -> S,S_to_S,S_to_S,S_to_S,Storm,Storm,Isolated Storm,Isolated Storm,2005,2008,4,13.97415504936459,6.558477923324037,3.3557419062968608,19.036148378178712,14.048714075212738,1.7082610783356746,30.239679241872828,30.910540615174853,2.559209453138504,-0.36223967108796984,2.800882715923529,0.8017322567351608,0.0,0.0,73.84719298630995,18.51984,1.24,21.73302444896565,1.4,40.25286444896565,2.6399999999999997,-5.061993328814122,0,11.203530863694116,1,,,non_impact,Storm-linked,21.631033898414216,Low baseline HC,-9.902660264191702
Thetford_Reef,-16.80611111111111,Central,2020,2020,2022.0,2022,2022,2025.0,2.0,2.0,H -> H,H_to_H,H_to_H,H_to_H,Heatwave,Heatwave,Isolated Heatwave (Moderate),Isolated Heatwave (Moderate),2015,2018,4,24.68832971882183,20.982873958797427,2.6484552106095793,20.704742317266387,16.25778232263067,3.4214425138041777,20.857183958615693,19.993802341017044,3.009232259046456,0.1613550793806211,0.05081388044976857,0.006174643772400999,0.0,0.0,61.45274513162836,0.0,6.23,0.0,4.6000000000000005,0.0,10.830000000000002,3.983587401555443,0,0.1524416413493057,1,,,non_impact,Heat-linked,21.631033898414216,High baseline HC,0.8115144052655374
Thetford_Reef,-16.80611111111111,Central,2024,2024,2025.0,2025,2025,,1.0,1.0,H -> H,H_to_H,H_to_H,H_to_H,Heatwave,Heatwave,Isolated Heatwave (Moderate),Isolated Heatwave (Moderate),2019,2022,4,18.512776563331425,13.14605270683623,3.313309405884757,20.857183958615693,19.993802341017044,3.009232259046456,,,,-0.12663726520244814,,,0.0,0.0,113.41921118078405,0.0,7.34,0.0,6.72,0.0,14.059999999999999,-2.344407395284268,0,,0,,,non_impact,Heat-linked,21.631033898414216,Low baseline HC,-5.364038750224868
Turner_Cay,-21.71815277777777,South,2024,2024,,2025,2025,,,,Isolated Heatwave,Isolated_Heatwave,Isolated_Heatwave,Isolated_Heatwave,Heatwave,,Isolated Heatwave (Severe),,2019,2022,3,6.884196136202493,21.521811199531825,1.807805685105021,13.084555999175969,16.693612197029772,2.1242260263439565,,,,-0.9006657771365822,,,0.016666666666666666,0.0,119.73787976910208,0.0,9.27,0.0,0.0,0.0,9.27,-6.2003598629734755,0,,0,,,non_impact,Heat-linked,21.631033898414216,Low baseline HC,-16.9926191773538
Wade_Reef,-21.98778611111112,South,2021,2021,2024.0,2024,2024,,3.0,3.0,H -> H,H_to_H,H_to_H,H_to_H,Heatwave,Heatwave,Isolated Heatwave (Severe),Isolated Heatwave (Severe),2016,2018,2,24.879053642410938,24.18700187218367,0.9478893503234256,14.239840379719848,22.278302025163207,5.012311222515856,,,,0.42763737783637346,,,0.29333333333333333,0.0,,0.0,12.45,0.0,9.33,0.0,21.78,10.63921326269109,1,,0,,,recovery_unobserved,Heat-linked,21.631033898414216,High baseline HC,1.002238328854645
Wade_Reef,-21.98778611111112,South,2025,2025,,2026,2026,,,,Isolated Heatwave,Isolated_Heatwave,Isolated_Heatwave,Isolated_Heatwave,Heatwave,,Isolated Heatwave (Severe),,2020,2023,3,6.07117414377739,17.039584320735713,4.007889819429664,18.8237685019782,,,,,,-1.0,,,0.013333333333333334,0.0,,0.0,14.33,0.0,0.0,0.0,14.33,-12.75259435820081,0,,0,,,non_impact,Heat-linked,21.631033898414216,Low baseline HC,-17.8056411697789
Wreck_Island,-23.33258333333333,South,2024,2024,,2026,2026,,,,Isolated Heatwave,Isolated_Heatwave,Isolated_Heatwave,Isolated_Heatwave,Heatwave,,Isolated Heatwave (Severe),,2019,2022,3,70.99649532575863,19.750106294648923,0.8961670067212012,14.374392023162123,,,,,,0.7975337802632791,,,0.0,0.0,56.11377036620431,0.0,11.64,0.0,0.0,0.0,11.64,56.62210330259651,1,,0,,,recovery_unobserved,Heat-linked,21.631033898414216,High baseline HC,47.11968001220234
Yonge_Reef,-14.595263888888889,North-Central,2015,2015,2016.0,2017,2017,2021.0,1.0,1.0,S -> H,S_to_H,S_to_H,S_to_H,Storm,Heatwave,Isolated Storm,Isolated Heatwave (Severe),2011,2013,2,31.578580484193566,26.111823924909544,1.9070604700281732,7.237340921996596,12.424416097692898,5.172566759946124,20.958403647046804,15.170672757201428,5.101218301497849,0.7708148747972,3.430265681262552,0.43450536771018533,0.0,0.0,54.6561179047309,29.117304,1.37,0.0,11.49,29.117304,12.86,24.341239562196968,1,13.721062725050208,1,0.563696137577136,1.0,recovered,Storm-linked,21.631033898414216,High baseline HC,7.701765170637273
Yonge_Reef,-14.595263888888889,North-Central,2017,2017,2020.0,2021,2021,2025.0,3.0,3.0,H -> H,H_to_H,H_to_H,H_to_H,Heatwave,Heatwave,Isolated Heatwave (Severe),Isolated Heatwave (Severe),2013,2015,2,19.957524489140653,29.38798970260047,3.096717821126834,20.958403647046804,15.170672757201428,5.101218301497849,42.648379208756,23.91360153984672,3.723663101406885,-0.05015046622895304,5.422493890427298,1.0868069120251465,0.0,0.0,54.16445907651583,0.0,8.93,0.0,8.11,0.0,17.04,-1.0008791579061516,0,21.689975561709193,1,,,non_impact,Heat-linked,21.631033898414216,Low baseline HC,-3.91929082441564
Yonge_Reef,-14.595263888888889,North-Central,2021,2021,2022.0,2022,2022,2025.0,1.0,1.0,H -> H,H_to_H,H_to_H,H_to_H,Heatwave,Heatwave,Isolated Heatwave (Moderate),Isolated Heatwave (Moderate),2017,2019,2,9.813985377373704,14.478151391359098,5.003521384577151,30.16218990563604,13.074632353135488,5.536433542178537,42.648379208756,23.91360153984672,3.723663101406885,-1.0,4.162063101039986,1.2722852972562055,0.0,0.0,56.84934667767412,0.0,4.1,0.0,4.65,0.0,8.75,-20.348204528262336,0,12.486189303119957,1,,,non_impact,Heat-linked,21.631033898414216,Low baseline HC,-14.062829936182588
Yonge_Reef,-14.595263888888889,North-Central,2024,2024,2025.0,2025,2025,,1.0,1.0,H -> H,H_to_H,H_to_H,H_to_H,Heatwave,Heatwave,Isolated Heatwave (Severe),Isolated Heatwave (Severe),2019,2022,3,21.170407795144552,14.925730598454072,5.157375950961521,42.648379208756,23.91360153984672,3.723663101406885,,,,-1.0,,,0.0,0.0,101.02200870456248,0.0,8.08,0.0,8.290000000000001,0.0,16.37,-21.477971413611446,0,,0,,,non_impact,Heat-linked,21.631033898414216,Low baseline HC,-2.7064075184117407
