reef_name,region_lat,sector,start_year,event_year,target_year,end_year,nadir_year,final_year,gap_years,time_gap_years,sequence_type,sequence_type_primary,seq_category_main,seq_category,start_event_type,target_event_type,start_disturbance_type,target_disturbance_type,baseline_start_year,baseline_end_year,baseline_survey_n,baseline_hc,baseline_juv,baseline_algae,nadir_hc,nadir_juv,nadir_algae,final_hc,final_juv,final_algae,rel_loss,recovery_rate,recovery_pct,cots_lag_3yr,initial_cots,initial_herbivore,start_max_wind,start_max_dhw,target_max_wind,target_max_dhw,storm_exposure_seq,heat_exposure_seq,drop_abs,impact_flag,recovery_gain_abs,recovery_observed_flag,recovery_frac_loss,recovered_flag,fate_status,disturbance_group,baseline_hc_median,baseline_hc_group,juv_change_nadir,juv_loss,juv_recovery_rate,baseline_span_years,baseline_recent_gap_years,baseline_search_window_min_years,baseline_search_window_max_years,seq_category_model,is_s_to_h,is_h_to_s,is_isolated_heatwave,log_gap,gap_squared,storm_exposure_seq_c,heat_exposure_seq_c,baseline_hc_c,gap_years_c,start_year_c,region_lat_c,cots_lag_3yr_c,initial_cots_c,initial_herbivore_c
Agincourt_Reef_No_1,-16.05227777777778,Central,1999,1999,,1999,1999,2003.0,,,Isolated Storm,Isolated_Storm,Isolated_Storm,Isolated_Storm,Storm,,Isolated Storm,,1994,1997,4,24.01114315145417,,0.7297023099500768,35.806982350624786,,1.002198314298449,37.20363552028287,,0.8352557003570543,-0.4912652065237565,0.3491632924145218,0.0581668753065387,0.0,0.0,37.88221213482073,19.857384,0.49,0.0,0.0,19.857384,0.49,-11.795839199170615,0,1.3966531696580873,1,,,non_impact,Storm-linked,25.695484005339758,Low baseline HC,,,,5,2,2,5,Isolated_Storm,0,0,0,0.0,,-1.5550589001732398,-5.472999999999999,-3.5007030366143184,,-11.833333333333258,3.2958916898148125,-0.4369166666666667,-0.2345,-4.78650043326742
Agincourt_Reef_No_1,-16.05227777777778,Central,2014,2014,2016.0,2017,2017,2021.0,2.0,2.0,S -> H,S_to_H,S_to_H,S_to_H,Storm,Heatwave,Isolated Storm,Isolated Heatwave (Moderate),2009,2012,4,26.941623676363573,10.076334992154482,1.3097886016156055,12.949162076156034,19.852457096319664,4.271882521332042,23.91429529595699,14.365151581168542,3.34399228211633,0.519362224351883,2.741283304950239,0.4069960055681754,0.0,0.0,105.79105001832092,19.80906675466956,0.0,0.0,6.890000000000001,19.80906675466956,6.890000000000001,13.99246160020754,1,10.965133219800956,1,0.7836457610602496,1.0,recovered,Storm-linked,25.695484005339758,High baseline HC,0.9702061425882478,0.0,-0.5445735497503392,5,2,2,5,S_to_H,1,0,0,1.0986122886681098,4.0,-1.603376145503681,0.9270000000000014,-0.570222511704916,-0.46875,3.1666666666667425,3.2958916898148125,-0.4369166666666667,-0.2345,63.12233745023276
Arlington_Reef,-16.67,Central,2016,2016,2017.0,2018,2018,,1.0,1.0,H -> H,H_to_H,H_to_H,H_to_H,Heatwave,Heatwave,Isolated Heatwave (Moderate),Isolated Heatwave (Severe),2012,2014,2,16.73965874852992,16.12475557872026,2.502862838714818,10.813158237339104,7.243775970292797,4.86294036412335,,,,0.354039505835881,,,0.0766666666666666,0.13,59.332468242172204,0.0,4.58,0.0,10.87,0.0,15.45,5.926500511190815,1,,0,,,recovery_unobserved,Heat-linked,25.695484005339758,Low baseline HC,-0.550766773801374,0.550766773801374,,4,2,2,5,H_to_H,0,0,0,0.6931471805599453,1.0,-21.41244290017324,9.487,-10.77218743953857,-1.46875,5.1666666666667425,2.678169467592589,-0.36025000000000007,-0.10449999999999998,16.66375567408405
Border_Island,-20.163497222222222,South,2003,2003,,2005,2005,2009.0,,,Isolated Storm,Isolated_Storm,Isolated_Storm,Isolated_Storm,Storm,,Isolated Storm,,1998,2001,4,26.10857843964611,,5.334992322980761,25.9025307125706,,0.0515073690432365,25.674580727897983,3.996381654581673,0.1015615038061861,0.0078919550350786,-0.056987496168154,-0.0087308462695338,0.0,0.0,9.574345044909103,29.117304,0.0,0.0,0.0,29.117304,0.0,0.20604772707551078,0,-0.22794998467261607,1,,,non_impact,Storm-linked,25.695484005339758,High baseline HC,,,,5,2,2,5,Isolated_Storm,0,0,0,0.0,,7.704861099826761,-5.962999999999999,-1.4032677484223797,,-7.8333333333332575,-0.8153277546296316,-0.4369166666666667,-0.2345,-33.09436752317905
Border_Island,-20.163497222222222,South,2010,2010,2011.0,2013,2013,2017.0,1.0,1.0,S -> S,S_to_S,S_to_S,S_to_S,Storm,Storm,Isolated Storm,Isolated Storm,2005,2007,2,25.04682895148403,8.123516115590617,0.0484301750818844,29.175529693036413,15.248228356922798,0.3932288357620835,33.36956898999796,17.04148985607962,0.079258367748203,-0.1648392596743371,1.0485098242403863,0.1674479154660832,0.0,0.0,,29.117304,1.46,18.09499186687058,0.0,47.212295866870576,1.46,-4.128700741552382,0,4.194039296961545,1,,,non_impact,Storm-linked,25.695484005339758,Low baseline HC,0.877047837408541,0.0,0.2207494234811948,5,3,2,5,S_to_S,0,0,0,0.6931471805599453,1.0,25.799852966697337,-4.502999999999999,-2.4650172365844583,-1.46875,-0.8333333333332575,-0.8153277546296316,-0.4369166666666667,-0.2345,
Border_Island,-20.163497222222222,South,2017,2017,,2019,2019,2023.0,,,Concurrent,Concurrent,Concurrent,Concurrent,Concurrent,,Synergistic Concurrent (Moderate),,2013,2015,2,30.009495133233777,14.328919468522432,0.244335922719451,18.946700216452733,3.236951763374205,0.1918065376450517,17.679960162084726,6.559077706124322,0.2339090404185777,0.3686431533641377,-0.3166850135920018,-0.0422113084123553,0.0,0.0,12.431885968523792,33.078492,6.71,0.0,0.0,33.078492,6.71,11.062794916781044,1,-1.2667400543680074,1,-0.11450452294351963,0.0,failed,Concurrent,25.695484005339758,High baseline HC,-0.7740965904313236,0.7740965904313236,0.23184762466200723,4,2,2,5,Concurrent,0,0,0,0.0,,11.666049099826758,0.7470000000000008,2.497648945165288,,6.1666666666667425,-0.8153277546296316,-0.4369166666666667,-0.2345,-30.23682659956436
Boult_Reef,-23.7575,South,2017,2017,,2020,2020,,,,Isolated Heatwave,Isolated_Heatwave,Isolated_Heatwave,Isolated_Heatwave,Heatwave,,Isolated Heatwave (Moderate),,2012,2014,2,13.194587944869662,23.93428245574315,0.7700792997984913,27.13760920513279,15.702031542092952,0.2206679315424072,,,,-1.0,,,0.0266666666666666,0.0,,0.0,4.04,0.0,0.0,0.0,4.04,-13.943021260263128,0,,0,,,non_impact,Heat-linked,25.695484005339758,Low baseline HC,-0.3439522755224621,0.3439522755224621,,5,3,2,5,Isolated_Heatwave,0,0,1,0.0,,-21.41244290017324,-1.9229999999999992,-14.317258243198827,,6.1666666666667425,-4.4093305324074095,-0.41025000000000006,-0.2345,
Boult_Reef,-23.7575,South,2024,2024,,2026,2026,,,,Isolated Heatwave,Isolated_Heatwave,Isolated_Heatwave,Isolated_Heatwave,Heatwave,,Isolated Heatwave (Severe),,2020,2021,2,44.127142534524594,15.702031542092952,0.2206679315424072,22.22131554683403,,,,,,0.4964252323964028,,,0.0,0.0,,0.0,11.48,0.0,0.0,0.0,11.48,21.905826987690563,1,,0,,,recovery_unobserved,Heat-linked,25.695484005339758,High baseline HC,,,,4,3,2,5,Isolated_Heatwave,0,0,1,0.0,,-21.41244290017324,5.517000000000001,16.615296346456105,,13.166666666666742,-4.4093305324074095,-0.4369166666666667,-0.2345,
Broomfield_Reef,-23.267013888888886,South,1992,1992,1994.0,1995,1995,1999.0,2.0,2.0,S -> S,S_to_S,S_to_S,S_to_S,Storm,Storm,Isolated Storm,Isolated Storm,1988,1990,2,34.135588652341404,,,17.412699846744868,,0.9528660414322954,50.61824559788093,,0.8955668187432276,0.4898960136856902,8.301386437784014,0.9727544495957724,0.0,0.0,,18.51984,2.13,18.08293810852,0.0,36.60277810852,2.13,16.722888805596536,1,33.20554575113606,1,1.985634547783597,1.0,recovered,Storm-linked,25.695484005339758,High baseline HC,,,,4,2,2,5,S_to_S,0,0,0,1.0986122886681098,4.0,15.19033520834676,-3.8329999999999993,6.623742464272915,-0.46875,-18.833333333333258,-3.9188444212962956,-0.4369166666666667,-0.2345,
Broomfield_Reef,-23.267013888888886,South,2020,2020,2024.0,2026,2026,,4.0,4.0,H -> H,H_to_H,H_to_H,H_to_H,Heatwave,Heatwave,Isolated Heatwave (Moderate),Isolated Heatwave (Severe),2015,2018,4,53.17933249579266,22.97415438794907,0.9751735128663698,16.127130702547838,,,,,,0.6967406331430777,,,0.0,0.0,39.57020462384767,0.0,6.9,0.0,11.6,0.0,18.5,37.05220179324482,1,,0,,,recovery_unobserved,Heat-linked,25.695484005339758,High baseline HC,,,,5,2,2,5,H_to_H,0,0,0,1.6094379124341003,16.0,-21.41244290017324,12.537,25.667486307724168,1.53125,9.166666666666742,-3.9188444212962956,-0.4369166666666667,-0.2345,-3.098507944240481
Carter_Reef,-14.532222222222224,North-Central,2005,2005,,2006,2006,2009.0,,,Isolated Storm,Isolated_Storm,Isolated_Storm,Isolated_Storm,Storm,,Isolated Storm,,2000,2003,4,58.78536770624057,,3.2732312141706976,16.49121291721926,,,35.56977531069306,23.70354451137988,2.2818814315480127,0.7194673851556332,6.3595207978246,0.3245461096511682,0.0,0.0,47.50414410309066,23.906304664885926,0.0,0.0,0.0,23.906304664885926,0.0,42.294154789021306,1,19.0785623934738,1,0.4510921778350847,0.0,failed,Storm-linked,25.695484005339758,High baseline HC,,,,5,2,2,5,Isolated_Storm,0,0,0,0.0,,2.493861764712687,-5.962999999999999,31.273521518172082,,-5.8333333333332575,4.815947245370367,-0.4369166666666667,-0.2345,4.835431535002506
Carter_Reef,-14.532222222222224,North-Central,2014,2014,2015.0,2017,2017,2021.0,1.0,1.0,S -> S,S_to_S,S_to_S,S_to_S,Storm,Storm,Isolated Storm,Isolated Storm,2009,2011,2,38.56169728888344,20.26748484667702,2.247217015083515,8.104976487662167,7.91668237363798,7.785823213397718,21.09589460917397,14.806250197551114,8.790119292937632,0.7898179525931119,3.247729530377951,0.3368865748877922,0.0,0.0,,41.000868,0.15,29.117304,1.55,70.118172,1.7,30.45672080122127,1,12.990918121511804,1,0.42653699347012064,0.0,failed,Storm-linked,25.695484005339758,High baseline HC,-0.6093899941937804,0.6093899941937804,0.33993205748184985,5,3,2,5,S_to_S,0,0,0,0.6931471805599453,1.0,48.70572909982676,-4.262999999999999,11.049851100814948,-1.46875,3.1666666666667425,4.815947245370367,-0.4369166666666667,-0.2345,
Chicken_Reef,-18.661952777777778,Central,2000,2000,,2003,2003,2007.0,,,Isolated Storm,Isolated_Storm,Isolated_Storm,Isolated_Storm,Storm,,Isolated Storm,,1995,1998,4,37.02172904051393,,1.3436134726624107,28.341773810864595,,3.5823257545161176,13.12926593049824,11.826118812864191,7.209820357372122,0.2344556954687506,-3.8031269700915886,-0.4109075473951763,0.0,0.02,41.330466147990734,22.481028,0.0,0.0,0.0,22.481028,0.0,8.679955229649337,1,-15.212507880366354,1,-1.7526021134766758,0.0,failed,Storm-linked,25.695484005339758,High baseline HC,,,,5,2,2,5,Isolated_Storm,0,0,0,0.0,,1.068585099826759,-5.962999999999999,9.509882852445443,,-10.833333333333258,0.6862166898148132,-0.4369166666666667,-0.2145,-1.3382464200974198
Chicken_Reef,-18.661952777777778,Central,2016,2016,2017.0,2017,2017,2021.0,1.0,1.0,H -> H,H_to_H,H_to_H,H_to_H,Heatwave,Heatwave,Isolated Heatwave (Moderate),Isolated Heatwave (Moderate),2011,2014,4,9.995342524444386,18.19995378784223,2.261257391136774,25.00060267131752,30.738111870243703,2.7548013699174514,44.55431412108499,22.35707745244986,2.429987073012166,-1.0,4.888427862441868,1.956282278666024,0.0,0.0,75.03227095350869,0.0,4.1,0.0,5.36,0.0,9.46,-15.005260146873134,0,19.553711449767473,1,,,non_impact,Heat-linked,25.695484005339758,Low baseline HC,0.6889115339829655,0.0,-0.46049756584505536,5,2,2,5,H_to_H,0,0,0,0.6931471805599453,1.0,-21.41244290017324,3.4970000000000017,-17.516503663624103,-1.46875,5.1666666666667425,0.6862166898148132,-0.4369166666666667,-0.2345,32.36355838542053
Chinaman_Reef_22_102,-22.01736111111111,South,1992,1992,1994.0,1995,1995,1999.0,2.0,2.0,S -> S,S_to_S,S_to_S,S_to_S,Storm,Storm,Isolated Storm,Isolated Storm,1987,1990,3,31.476629725119068,,,20.691549088191305,,0.7283095058790338,33.277977975940345,,0.6315235838542387,0.3426377198293571,3.14660722193726,0.3998658368975502,0.0499999999999999,0.0,,22.481028,0.87,29.117304,0.32,51.598332,1.19,10.785080636927763,1,12.58642888774904,1,1.1670222329774262,1.0,recovered,Storm-linked,25.695484005339758,High baseline HC,,,,5,2,2,5,S_to_S,0,0,0,1.0986122886681098,4.0,30.18588909982676,-4.773,3.964783537050579,-0.46875,-18.833333333333258,-2.66919164351852,-0.3869166666666668,-0.2345,
Chinaman_Reef_22_102,-22.01736111111111,South,2002,2002,2004.0,2006,2006,2010.0,2.0,2.0,H -> H,H_to_H,H_to_H,H_to_H,Heatwave,Heatwave,Isolated Heatwave (Moderate),Isolated Heatwave (Moderate),1997,2000,4,32.10445111018901,,0.8115866298575217,36.82744412083712,,0.1429143097637326,31.327529008719058,27.85051663267528,0.6095742544746471,-0.1471133393446858,-1.374978778029516,-0.1713131644344653,14.066666666666665,3.09,27.438491418323373,0.0,4.47,0.0,4.2700000000000005,0.0,8.74,-4.722993010648111,0,-5.499915112118064,1,,,non_impact,Heat-linked,25.695484005339758,High baseline HC,,,,5,2,2,5,H_to_H,0,0,0,1.0986122886681098,4.0,-21.41244290017324,2.777000000000001,4.592604922120522,-0.46875,-8.833333333333258,-2.66919164351852,13.629749999999998,2.8554999999999997,-15.23022114976478
Chinaman_Reef_22_102,-22.01736111111111,South,2020,2020,2024.0,2025,2025,,4.0,4.0,H -> H,H_to_H,H_to_H,H_to_H,Heatwave,Heatwave,Isolated Heatwave (Moderate),Isolated Heatwave (Severe),2015,2018,4,34.90570011989698,39.4713046641781,0.6240242091374524,18.457508644550444,27.03702687405986,2.43454928516078,,,,0.4712179219683011,,,2.5166666666666666,3.45,35.72712650532174,0.0,6.6000000000000005,0.0,9.41,0.0,16.01,16.448191475346533,1,,0,,,recovery_unobserved,Heat-linked,25.695484005339758,High baseline HC,-0.31502069404366256,0.31502069404366256,,5,2,2,5,H_to_H,0,0,0,1.6094379124341003,16.0,-21.41244290017324,10.047000000000002,7.393853931828488,1.53125,9.166666666666742,-2.66919164351852,2.0797499999999998,3.2155,-6.941586062766412
Davies_Reef,-18.81416666666667,Central,2000,2000,,2003,2003,2007.0,,,Isolated Storm,Isolated_Storm,Isolated_Storm,Isolated_Storm,Storm,,Isolated Storm,,1995,1998,4,38.101744837768194,,8.853790626254865,28.46348787382228,,18.50682614885412,27.513934957431275,12.22542857076752,23.352570639845023,0.2529610390543593,-0.2373882290977516,-0.0249215074121688,0.0633333333333333,0.0,28.402735149423474,22.481028,0.0,0.0,0.0,22.481028,0.0,9.638256963945913,1,-0.9495529163910064,1,-0.09851915340533299,0.0,failed,Storm-linked,25.695484005339758,High baseline HC,,,,5,2,2,5,Isolated_Storm,0,0,0,0.0,,1.068585099826759,-5.962999999999999,10.589898649699705,,-10.833333333333258,0.5340028009259221,-0.3735833333333334,-0.2345,-14.26597741866468
Davies_Reef,-18.81416666666667,Central,2017,2017,,2017,2017,2021.0,,,Isolated Heatwave,Isolated_Heatwave,Isolated_Heatwave,Isolated_Heatwave,Heatwave,,Isolated Heatwave (Moderate),,2013,2015,2,25.850195380112886,24.683319821264224,1.6639829819036878,29.085461584299832,32.743956392259626,2.3156916175984787,39.07525429298804,29.95914571780029,3.256139875960188,-0.1251544197873222,2.4974481771720525,0.3864494082846884,0.0066666666666666,0.0,39.04484649522663,0.0,4.3,0.0,0.0,0.0,4.3,-3.2352662041869458,0,9.98979270868821,1,,,non_impact,Heat-linked,25.695484005339758,High baseline HC,0.32656209251282775,0.0,-0.11282156106328427,4,2,2,5,Isolated_Heatwave,0,0,1,0.0,,-21.41244290017324,-1.6629999999999994,-1.6616508079556027,,6.1666666666667425,0.5340028009259221,-0.4302500000000001,-0.2345,-3.6238660728615244
Dip_Reef,-18.409444444444443,Central,2000,2000,,2001,2001,2005.0,,,Isolated Storm,Isolated_Storm,Isolated_Storm,Isolated_Storm,Storm,,Isolated Storm,,1995,1998,4,24.319106622020666,,5.77718367396414,24.560815185366195,,8.89073974075565,28.05201549730793,,3.1517578492402576,-0.0099390395832495,0.8728000779854339,0.1435579179039617,0.0,0.0,39.73259634407905,22.481028,0.0,0.0,0.0,22.481028,0.0,-0.24170856334552937,0,3.4912003119417356,1,,,non_impact,Storm-linked,25.695484005339758,Low baseline HC,,,,5,2,2,5,Isolated_Storm,0,0,0,0.0,,1.068585099826759,-5.962999999999999,-3.1927395660478233,,-10.833333333333258,0.9387250231481481,-0.4369166666666667,-0.2345,-2.9361162240091048
Dip_Reef,-18.409444444444443,Central,2006,2006,,2007,2007,2011.0,,,Isolated Storm,Isolated_Storm,Isolated_Storm,Isolated_Storm,Storm,,Isolated Storm,,2001,2004,4,24.86879541633349,,6.8351918905055085,17.912306475134873,6.747693263462506,7.9887524875703555,9.704384437309995,2.661546584935831,2.522310998532548,0.2797276194821116,-2.05198050945622,-0.3300490393850771,0.0,0.0,,19.76089897048784,0.62,0.0,0.0,19.76089897048784,0.62,6.956488941198618,1,-8.207922037824877,1,-1.1798943557884296,0.0,failed,Storm-linked,25.695484005339758,Low baseline HC,,,,5,2,2,5,Isolated_Storm,0,0,0,0.0,,-1.651543929685399,-5.342999999999999,-2.6430507717349982,,-4.8333333333332575,0.9387250231481481,-0.4369166666666667,-0.2345,
Dip_Reef,-18.409444444444443,Central,2016,2016,2017.0,2019,2019,2023.0,1.0,1.0,H -> H,H_to_H,H_to_H,H_to_H,Heatwave,Heatwave,Isolated Heatwave (Moderate),Isolated Heatwave (Moderate),2011,2013,2,9.53893385505596,8.295742340851024,2.8506593340396176,16.498326198111997,13.644608570302283,4.82614600383654,24.881660603722644,10.7921386003068,3.8352232379672335,-0.7295775868460733,2.0958336014026617,0.8788544435882838,0.0,0.0,,0.0,6.28,0.0,6.8,0.0,13.08,-6.959392343056036,0,8.383334405610647,1,,,non_impact,Heat-linked,25.695484005339758,Low baseline HC,0.6447724639555936,0.0,-0.34384746449379977,5,3,2,5,H_to_H,0,0,0,0.6931471805599453,1.0,-21.41244290017324,7.117000000000001,-17.97291233301253,-1.46875,5.1666666666667425,0.9387250231481481,-0.4369166666666667,-0.2345,
East_Cay,-21.48305555555556,South,2009,2009,,2011,2011,2015.0,,,Isolated Storm,Isolated_Storm,Isolated_Storm,Isolated_Storm,Storm,,Isolated Storm,,2004,2007,4,20.81608208510693,8.513840789169883,1.580417447333695,14.90999891915959,5.457914644858647,1.1747156216167014,22.31303166651309,32.59059656560334,3.0383968272086297,0.283726934867004,1.8507581868383756,0.3556400631533862,0.0066666666666666,0.0,30.69369225043508,39.67060436754328,1.74,0.0,0.0,39.67060436754328,1.74,5.906083165947342,1,7.403032747353501,1,1.2534589404424763,1.0,recovered,Storm-linked,25.695484005339758,Low baseline HC,-0.3589362568534941,0.3589362568534941,3.186890921810412,5,2,2,5,Isolated_Storm,0,0,0,0.0,,18.258161467370037,-4.222999999999999,-6.695764102961558,,-1.8333333333332575,-2.1348860879629683,-0.4302500000000001,-0.2345,-11.975020317653073
East_Cay,-21.48305555555556,South,2020,2020,2024.0,2025,2025,,4.0,4.0,H -> H,H_to_H,H_to_H,H_to_H,Heatwave,Heatwave,Isolated Heatwave (Moderate),Isolated Heatwave (Moderate),2015,2018,4,22.20279972065002,30.880004914890375,1.9586263729625009,14.554197554158632,22.87666888750333,5.620003942380957,,,,0.3444881844958363,,,0.0033333333333333,0.0,,0.0,4.61,0.0,7.67,0.0,12.28,7.648602166491388,1,,0,,,recovery_unobserved,Heat-linked,25.695484005339758,Low baseline HC,-0.25917534823732574,0.25917534823732574,,5,2,2,5,H_to_H,0,0,0,1.6094379124341003,16.0,-21.41244290017324,6.317,-5.309046467418469,1.53125,9.166666666666742,-2.1348860879629683,-0.4335833333333334,-0.2345,
Erskine_Island,-23.5025,South,2015,2015,,2018,2018,2022.0,,,Isolated Storm,Isolated_Storm,Isolated_Storm,Isolated_Storm,Storm,,Isolated Storm,,2010,2012,2,25.94846780681592,4.211516523415298,0.5839756281492645,27.379856217045766,12.696370921878312,0.940584385660982,36.968013874839606,5.2114314065365015,1.938174928579571,-0.055162733340805,2.39703941444846,0.3695076614610481,0.0,0.0,,20.92974875614908,1.02,0.0,0.0,20.92974875614908,1.02,-1.4313884102298466,0,9.58815765779384,1,,,non_impact,Storm-linked,25.695484005339758,High baseline HC,2.014679118861033,0.0,-1.0,5,3,2,5,Isolated_Storm,0,0,0,0.0,,-0.48269414402415833,-4.943,-1.5633783812525692,,4.1666666666667425,-4.1543305324074105,-0.4369166666666667,-0.2345,
Fairfax_Island,-23.852500000000003,South,2020,2020,2024.0,2026,2026,,4.0,4.0,H -> H,H_to_H,H_to_H,H_to_H,Heatwave,Heatwave,Isolated Heatwave (Moderate),Isolated Heatwave (Severe),2016,2018,2,21.75496824109169,17.842626911378577,1.3708507131430805,21.25366968687083,,,,,,0.0230429458073851,,,0.01,0.0,76.78807794101756,0.0,4.55,0.0,11.26,0.0,15.81,0.5012985542208597,0,,0,,,non_impact,Heat-linked,25.695484005339758,Low baseline HC,,,,4,2,2,5,H_to_H,0,0,0,1.6094379124341003,16.0,-21.41244290017324,9.847000000000001,-5.7568779469768,1.53125,9.166666666666742,-4.504330532407412,-0.42691666666666667,-0.2345,34.11936537292941
Feather_Reef,-17.529166666666665,Central,2006,2006,,2007,2007,2010.0,,,Isolated Storm,Isolated_Storm,Isolated_Storm,Isolated_Storm,Storm,,Isolated Storm,,2001,2004,4,8.851190808207473,,,8.492201154147924,,,39.50905975204123,27.03471396476713,4.01851714376781,0.0405583454066618,10.338952865964435,3.504258271003739,0.0,0.0,67.22841892046114,37.03968,0.44,0.0,0.0,37.03968,0.44,0.35898965405954897,0,31.016858597893307,1,,,non_impact,Storm-linked,25.695484005339758,Low baseline HC,,,,5,2,2,5,Isolated_Storm,0,0,0,0.0,,15.627237099826758,-5.522999999999999,-18.660655379861016,,-4.8333333333332575,1.8190028009259258,-0.4369166666666667,-0.2345,24.559706352372984
Feather_Reef,-17.529166666666665,Central,2017,2017,2020.0,2021,2021,2025.0,3.0,3.0,H -> H,H_to_H,H_to_H,H_to_H,Heatwave,Heatwave,Isolated Heatwave (Severe),Isolated Heatwave (Moderate),2012,2015,3,26.39249723651685,29.978565493312917,2.9278378568755383,15.695346141102997,,,33.62634411954204,15.72941766327394,7.009247260307479,0.4053103046502623,4.482749494609761,0.6793975506656335,0.0,0.02,,0.0,8.91,0.0,5.45,0.0,14.36,10.697151095413853,1,17.930997978439045,1,1.6762405072623991,1.0,recovered,Heat-linked,25.695484005339758,High baseline HC,,,,5,2,2,5,H_to_H,0,0,0,1.3862943611198906,9.0,-21.41244290017324,8.397,-1.1193489515516397,0.53125,6.1666666666667425,1.8190028009259258,-0.4369166666666667,-0.2145,
Fitzroy_Island,-16.933977777777777,Central,2006,2006,2010.0,2013,2013,2017.0,4.0,4.0,S -> S,S_to_S,S_to_S,S_to_S,Storm,Storm,Isolated Storm,Isolated Storm,2001,2004,4,7.715210534076244,,3.522545843050534,28.27183515934281,9.33210561978326,1.1368364068580323,16.787673416272998,17.41561330495144,0.3342470990875141,-1.0,-2.871040435767453,-1.4885091848559429,0.0,0.0,,30.83641151543617,1.52,18.51984,1.08,49.35625151543617,2.6,-20.556624625266565,0,-11.484161743069812,1,,,non_impact,Storm-linked,25.695484005339758,Low baseline HC,,,,5,2,2,5,S_to_S,0,0,0,1.6094379124341003,16.0,27.94380861526293,-3.362999999999999,-19.796635653992247,1.53125,-4.8333333333332575,2.414191689814814,-0.4369166666666667,-0.2345,
Fitzroy_Island,-16.933977777777777,Central,2017,2017,2020.0,2022,2022,2025.0,3.0,3.0,H -> H,H_to_H,H_to_H,H_to_H,Heatwave,Heatwave,Isolated Heatwave (Severe),Isolated Heatwave (Moderate),2013,2015,2,22.20565903560996,11.565219281153777,0.7787863427299933,32.801255403504705,10.111345825937768,0.4584693411026755,38.257587665057486,14.37884705974118,1.133168675965918,-0.477157482734612,1.8187774205175935,0.2457180961304849,0.0,0.0,15.554182335937137,0.0,10.69,0.0,4.88,0.0,15.57,-10.595596367894746,0,5.456332261552781,1,,,non_impact,Heat-linked,25.695484005339758,Low baseline HC,-0.1257108421268919,0.1257108421268919,0.3689944072878551,4,2,2,5,H_to_H,0,0,0,1.3862943611198906,9.0,-21.41244290017324,9.607000000000001,-5.306187152458531,0.53125,6.1666666666667425,2.414191689814814,-0.4369166666666667,-0.2345,-27.11453023215102
Fore_and_Aft_Reef,-18.50111111111111,Central,2011,2011,,2012,2012,2016.0,,,Isolated Storm,Isolated_Storm,Isolated_Storm,Isolated_Storm,Storm,,Isolated Storm,,2007,2008,2,5.035494724430954,11.498975988583888,11.624487100180366,2.8103399048720967,6.85016473868649,2.0745566755366056,20.6087314838366,41.60557163090948,1.8885398228843155,0.4418939828817546,4.449597894741125,3.534586481167616,0.0,0.0,,23.014637510584315,1.41,0.0,0.0,23.014637510584315,1.41,2.2251548195588575,0,17.7983915789645,1,,,non_impact,Storm-linked,25.695484005339758,Low baseline HC,-0.40428045545209496,0.40428045545209496,3.0224784299687157,4,3,2,5,Isolated_Storm,0,0,0,0.0,,1.6021946104110754,-4.552999999999999,-22.476351463637535,,0.16666666666674246,0.8470583564814795,-0.4369166666666667,-0.2345,
Fore_and_Aft_Reef,-18.50111111111111,Central,2017,2017,,2018,2018,,,,Isolated Heatwave,Isolated_Heatwave,Isolated_Heatwave,Isolated_Heatwave,Heatwave,,Isolated Heatwave (Moderate),,2012,2014,2,5.022178505946719,19.64916485689921,3.177844704114258,23.5749849284998,18.77123913218236,3.490069738296712,,,,-1.0,,,0.0066666666666666,0.0,,0.0,6.88,0.0,0.0,0.0,6.88,-18.55280642255308,0,,0,,,non_impact,Heat-linked,25.695484005339758,Low baseline HC,-0.044680052873015234,0.044680052873015234,,5,3,2,5,Isolated_Heatwave,0,0,1,0.0,,-21.41244290017324,0.9170000000000007,-22.48966768212177,,6.1666666666667425,0.8470583564814795,-0.4302500000000001,-0.2345,
Fork_Reef,-18.61416666666667,Central,2016,2016,2017.0,2018,2018,,1.0,1.0,H -> H,H_to_H,H_to_H,H_to_H,Heatwave,Heatwave,Isolated Heatwave (Moderate),Isolated Heatwave (Moderate),2012,2014,2,8.323521198459451,16.880909466099673,2.074308723183952,20.65387094900915,15.632082284715924,2.3058587003416644,,,,-1.0,,,0.01,0.03,63.22258973481521,0.0,4.36,0.0,5.33,0.0,9.69,-12.330349750549699,0,,0,,,non_impact,Heat-linked,25.695484005339758,Low baseline HC,-0.07397866707902499,0.07397866707902499,,4,2,2,5,H_to_H,0,0,0,0.6931471805599453,1.0,-21.41244290017324,3.7270000000000003,-19.188324989609036,-1.46875,5.1666666666667425,0.7340028009259214,-0.42691666666666667,-0.2045,20.553877166727055
Gannet_Cay,-21.981111111111108,South,1992,1992,1994.0,1997,1997,2001.0,2.0,2.0,S -> S,S_to_S,S_to_S,S_to_S,Storm,Storm,Isolated Storm,Isolated Storm,1987,1990,3,69.7290677458053,,,38.254237533949954,,0.2546940761207294,6.358417180812206,,1.3435581348860737,0.4513875092464401,-7.973955088284437,-0.4574250220784934,2.5033333333333334,1.95,,22.481028,1.62,29.117304,0.32,51.598332,1.94,31.47483021185534,1,-31.895820353137747,1,-1.0133754539245723,0.0,failed,Storm-linked,25.695484005339758,High baseline HC,,,,5,2,2,5,S_to_S,0,0,0,1.0986122886681098,4.0,30.18588909982676,-4.023,42.217221557736806,-0.46875,-18.833333333333258,-2.6329416435185173,2.0664166666666666,1.7155,
Gannet_Cay,-21.981111111111108,South,2002,2002,,2002,2002,2006.0,,,Isolated Heatwave,Isolated_Heatwave,Isolated_Heatwave,Isolated_Heatwave,Heatwave,,Isolated Heatwave (Moderate),,1997,2000,4,23.52057579395059,,1.0564608951390768,3.6767479510544168,,5.077612240912954,9.189955204363272,,,0.8436795092405832,1.378301813327214,0.2343993319554206,20.04,5.26,51.99566812010913,0.0,4.2,0.0,0.0,0.0,4.2,19.843827842896175,1,5.513207253308856,1,0.2778298268336626,0.0,failed,Heat-linked,25.695484005339758,Low baseline HC,,,,5,2,2,5,Isolated_Heatwave,0,0,1,0.0,,-21.41244290017324,-1.762999999999999,-3.9912703941178975,,-8.833333333333258,-2.6329416435185173,19.603083333333334,5.0255,9.326955552020976
Gannet_Cay,-21.981111111111108,South,2009,2009,,2011,2011,2015.0,,,Isolated Storm,Isolated_Storm,Isolated_Storm,Isolated_Storm,Storm,,Isolated Storm,,2004,2007,4,9.999912969090786,17.835086912726684,1.289391041106337,6.1165543497174895,3.9978374994393335,1.8916968585680607,19.01101962198221,19.05127648197752,4.793961971614218,0.3883392416890584,3.2236163180661803,1.2894577494945052,0.0,0.0,41.93771590839254,42.338412,0.29,0.0,0.0,42.338412,0.29,3.883358619373297,0,12.894465272264721,1,,,non_impact,Storm-linked,25.695484005339758,Low baseline HC,-0.775844237877721,0.775844237877721,0.8440350785056404,5,2,2,5,Isolated_Storm,0,0,0,0.0,,20.92596909982676,-5.672999999999999,-17.511933218977703,,-1.8333333333332575,-2.6329416435185173,-0.4369166666666667,-0.2345,-0.730996659695613
Gannet_Cay,-21.981111111111108,South,2020,2020,2024.0,2025,2025,,4.0,4.0,H -> H,H_to_H,H_to_H,H_to_H,Heatwave,Heatwave,Isolated Heatwave (Moderate),Isolated Heatwave (Severe),2015,2017,2,25.734311340528546,24.880588149702504,3.1141834102864294,6.879262317708815,12.814944234211747,2.1279116135764875,,,,0.7326813130268313,,,1.2833333333333332,0.0,,0.0,6.8,0.0,8.47,0.0,15.27,18.85504902281973,1,,0,,,recovery_unobserved,Heat-linked,25.695484005339758,High baseline HC,-0.48494206981337074,0.48494206981337074,,5,3,2,5,H_to_H,0,0,0,1.6094379124341003,16.0,-21.41244290017324,9.307,-1.7775348475399433,1.53125,9.166666666666742,-2.6329416435185173,0.8464166666666666,-0.2345,
Green_Island,-16.765555555555554,Central,2006,2006,2010.0,2010,2010,2013.0,4.0,4.0,S -> S,S_to_S,S_to_S,S_to_S,Storm,Storm,Isolated Storm,Isolated Storm,2001,2004,4,5.503018237846888,,8.865628078025505,9.032050469533177,,,10.607246859981403,6.573155039801758,2.4236770314385314,-0.6412903027315895,0.5250654634827422,0.2862422624033567,0.0,0.0,,25.00307301656869,0.98,18.51984,1.4,43.52291301656869,2.38,-3.5290322316862888,0,1.5751963904482267,1,,,non_impact,Storm-linked,25.695484005339758,Low baseline HC,,,,5,2,2,5,S_to_S,0,0,0,1.6094379124341003,16.0,22.110470116395447,-3.5829999999999993,-22.0088279502216,1.53125,-4.8333333333332575,2.5826139120370364,-0.4369166666666667,-0.2345,
Green_Island,-16.765555555555554,Central,2017,2017,2020.0,2021,2021,2024.0,3.0,3.0,H -> H,H_to_H,H_to_H,H_to_H,Heatwave,Heatwave,Isolated Heatwave (Severe),Isolated Heatwave (Moderate),2012,2015,3,9.29309226208658,10.264928522087846,2.874093997095261,14.914060547652012,16.31583965523116,9.176992753909254,26.561785128535703,,,-0.6048544582407229,3.882574860294564,1.2533744691638762,0.0066666666666666,0.0,42.95696992057914,0.0,11.08,0.0,5.42,0.0,16.5,-5.620968285565432,0,11.647724580883692,1,,,non_impact,Heat-linked,25.695484005339758,Low baseline HC,0.5894742588926066,0.0,,5,2,2,5,H_to_H,0,0,0,1.3862943611198906,9.0,-21.41244290017324,10.537,-18.218753925981908,0.53125,6.1666666666667425,2.5826139120370364,-0.4302500000000001,-0.2345,0.2882573524909873
Grub_Reef_18_077,-18.65079722222222,Central,2017,2017,,2020,2020,2025.0,,,Isolated Heatwave,Isolated_Heatwave,Isolated_Heatwave,Isolated_Heatwave,Heatwave,,Isolated Heatwave (Moderate),,2012,2014,2,6.177337027079025,9.255757290745098,2.725438056564058,6.851916060738547,10.46661699644252,1.3547318783917528,19.0176065232126,,,-0.109202238877761,2.4331380924948105,1.9694069481953849,0.0066666666666666,0.0,,0.0,4.73,0.0,0.0,0.0,4.73,-0.6745790336595219,0,12.165690462474053,1,,,non_impact,Heat-linked,25.695484005339758,Low baseline HC,0.1308223268676426,0.0,,5,3,2,5,Isolated_Heatwave,0,0,1,0.0,,-21.41244290017324,-1.2329999999999988,-21.334509160989462,,6.1666666666667425,0.6973722453703708,-0.4302500000000001,-0.2345,
Hastings_Reef,-16.527041666666666,Central,1999,1999,,2000,2000,2004.0,,,Isolated Storm,Isolated_Storm,Isolated_Storm,Isolated_Storm,Storm,,Isolated Storm,,1994,1997,4,25.258730580376916,,1.5872322470209208,23.906750775874585,,7.051714704111757,26.03941515898944,,0.8555892447812355,0.0535252474466257,0.5331660957787134,0.0844327618257936,0.01,0.03,48.48430050059367,19.857384,0.95,0.0,0.0,19.857384,0.95,1.3519798045023315,0,2.1326643831148537,1,,,non_impact,Storm-linked,25.695484005339758,Low baseline HC,,,,5,2,2,5,Isolated_Storm,0,0,0,0.0,,-1.5550589001732398,-5.012999999999999,-2.253115607691573,,-11.833333333333258,2.8211278009259253,-0.42691666666666667,-0.2045,5.815587932505515
Hastings_Reef,-16.527041666666666,Central,2010,2010,,2012,2012,2016.0,,,Isolated Storm,Isolated_Storm,Isolated_Storm,Isolated_Storm,Storm,,Isolated Storm,,2005,2008,4,24.979244831190147,6.966005931915225,3.080437573951276,20.00196770726912,13.071270784231432,1.6840033382719013,33.58429811537357,17.00653328581727,3.5193667229940417,0.1992565090561179,3.3955826020261126,0.5437446367932218,0.0,0.0,49.08128057313584,18.51984,1.52,0.0,0.0,18.51984,1.52,4.977277123921027,0,13.58233040810445,1,,,non_impact,Storm-linked,25.695484005339758,Low baseline HC,0.8764369298545276,0.0,0.5649237942155874,5,2,2,5,Isolated_Storm,0,0,0,0.0,,-2.892602900173241,-4.443,-2.5326013568783416,,-0.8333333333332575,2.8211278009259253,-0.4369166666666667,-0.2345,6.412568005047689
Hastings_Reef,-16.527041666666666,Central,2016,2016,2017.0,2018,2018,2022.0,1.0,1.0,H -> H,H_to_H,H_to_H,H_to_H,Heatwave,Heatwave,Isolated Heatwave (Moderate),Isolated Heatwave (Severe),2011,2014,4,24.156582967214103,13.072597048870785,1.9674680335247583,9.773092201931195,7.528945995703027,3.8388893429302,13.942439935823108,13.875183917737496,5.391360527573606,0.5954273741780668,1.0423369334729782,0.1725967509374422,0.0066666666666666,0.0,57.42899459362028,0.0,5.29,0.0,10.25,0.0,15.54,14.383490765282907,1,4.169347733891913,1,0.28987036609745453,0.0,failed,Heat-linked,25.695484005339758,Low baseline HC,-0.4240665441184558,0.4240665441184558,0.4854611442783406,5,2,2,5,H_to_H,0,0,0,0.6931471805599453,1.0,-21.41244290017324,9.577,-3.355263220854386,-1.46875,5.1666666666667425,2.8211278009259253,-0.4302500000000001,-0.2345,14.760282025532128
Hayman_Island,-20.062725,South,1996,1996,,1998,1998,2002.0,,,Isolated Storm,Isolated_Storm,Isolated_Storm,Isolated_Storm,Storm,,Isolated Storm,,1992,1994,3,39.31004646732173,,0.0503287994883812,37.05348087430256,,5.0315944414302285,45.539734286391045,,0.3016499166619651,0.0574042972677493,2.121563353022122,0.215880014772892,0.0,0.0,26.03019668963793,18.51984,1.11,0.0,0.0,18.51984,1.11,2.2565655930191753,0,8.486253412088487,1,,,non_impact,Storm-linked,25.695484005339758,High baseline HC,,,,4,2,2,5,Isolated_Storm,0,0,0,0.0,,-2.892602900173241,-4.852999999999999,11.798200279253244,,-14.833333333333258,-0.7145555324074095,-0.4369166666666667,-0.2345,-16.638515878450225
Hayman_Island,-20.062725,South,2003,2003,,2003,2003,2007.0,,,Isolated Storm,Isolated_Storm,Isolated_Storm,Isolated_Storm,Storm,,Isolated Storm,,1998,2001,4,40.46112902809175,,2.032405315367157,43.08989201481783,,0.1399750785788494,49.94932752696009,7.215104977579559,0.0,-0.0649700848659205,1.7148588780355656,0.1695314905172276,0.0,0.0,21.278735368140737,23.552195111123133,0.0,0.0,0.0,23.552195111123133,0.0,-2.6287629867260804,0,6.859435512142262,1,,,non_impact,Storm-linked,25.695484005339758,High baseline HC,,,,5,2,2,5,Isolated_Storm,0,0,0,0.0,,2.1397522109498937,-5.962999999999999,12.949282840023258,,-7.8333333333332575,-0.7145555324074095,-0.4369166666666667,-0.2345,-21.389977199947417
Hayman_Island,-20.062725,South,2010,2010,2011.0,2011,2011,2015.0,1.0,1.0,S -> S,S_to_S,S_to_S,S_to_S,Storm,Storm,Isolated Storm,Isolated Storm,2005,2007,2,47.37796794343629,7.215104977579559,0.0263554031509389,30.870980076655165,4.085006295652831,0.1538861874532857,34.97428250932376,11.544564232487556,0.6320694692360005,0.348410634379434,1.025825608167148,0.0866078181649211,0.0,0.0,,29.117304,1.17,18.51984,0.0,47.637144,1.17,16.506987866781124,1,4.103302432668592,1,0.24857972064825531,0.0,failed,Storm-linked,25.695484005339758,High baseline HC,-0.43382579902209234,0.43382579902209234,1.0338807210726366,5,3,2,5,S_to_S,0,0,0,0.6931471805599453,1.0,26.22470109982676,-4.792999999999999,19.8661217553678,-1.46875,-0.8333333333332575,-0.7145555324074095,-0.4369166666666667,-0.2345,
Helix_Reef,-18.62361111111111,Central,2017,2017,,2020,2020,2024.0,,,Isolated Heatwave,Isolated_Heatwave,Isolated_Heatwave,Isolated_Heatwave,Heatwave,,Isolated Heatwave (Moderate),,2012,2014,2,11.673460775832382,12.116938259702131,1.5019723856666565,31.067842203335672,18.01019182327366,0.6077199837253923,28.593109897310093,12.47466081259296,0.8574705909310042,-1.0,-0.6186830765063949,-0.211996455339879,0.0,0.0,,0.0,5.41,0.0,0.0,0.0,5.41,-19.39438142750329,0,-2.4747323060255795,1,,,non_impact,Heat-linked,25.695484005339758,Low baseline HC,0.48636490813615846,0.0,-0.4568423880717851,5,3,2,5,Isolated_Heatwave,0,0,1,0.0,,-21.41244290017324,-0.552999999999999,-15.838385412236107,,6.1666666666667425,0.7245583564814808,-0.4369166666666667,-0.2345,
Horseshoe_Reef,-22.031388888888888,South,2002,2002,2004.0,2006,2006,2009.0,2.0,2.0,H -> H,H_to_H,H_to_H,H_to_H,Heatwave,Heatwave,Isolated Heatwave (Moderate),Isolated Heatwave (Moderate),1997,2000,4,40.34547697691423,,1.0418221141644,9.294694509177994,,,38.09504932130007,33.13826814403459,1.4805603716511062,0.7696223912659047,9.600118270707355,0.7138434583039308,2.813333333333334,4.92,46.6617774306861,0.0,4.54,0.0,4.05,0.0,8.59,31.050782467736234,1,28.800354812122073,1,0.9275242851624592,1.0,recovered,Heat-linked,25.695484005339758,High baseline HC,,,,5,2,2,5,H_to_H,0,0,0,1.0986122886681098,4.0,-21.41244290017324,2.6270000000000007,12.833630788845738,-0.46875,-8.833333333333258,-2.6832194212962968,2.376416666666667,4.6855,3.9930648625979472
Horseshoe_Reef,-22.031388888888888,South,2020,2020,2024.0,2026,2026,,4.0,4.0,H -> H,H_to_H,H_to_H,H_to_H,Heatwave,Heatwave,Isolated Heatwave (Moderate),Isolated Heatwave (Severe),2015,2017,2,49.25361996931141,23.96750744397536,0.7056232525204089,16.542599788068422,,,,,,0.6641343357427197,,,1.4566666666666668,0.0,,0.0,6.5200000000000005,0.0,9.19,0.0,15.71,32.711020181242986,1,,0,,,recovery_unobserved,Heat-linked,25.695484005339758,High baseline HC,,,,5,3,2,5,H_to_H,0,0,0,1.6094379124341003,16.0,-21.41244290017324,9.747000000000002,21.74177378124292,1.53125,9.166666666666742,-2.6832194212962968,1.0197500000000002,-0.2345,
Hyde_Reef,-19.75438888888889,Central,2003,2003,,2005,2005,2009.0,,,Isolated Storm,Isolated_Storm,Isolated_Storm,Isolated_Storm,Storm,,Isolated Storm,,1998,2001,4,17.5392284858804,,0.7059838510588798,14.515498103489394,,0.3488072945575917,9.638452085950869,5.826562753522787,5.954315867019725,0.1723981408204585,-1.219261504384631,-0.2780650255776468,0.0,0.0,43.818889394878056,29.117304,0.0,0.0,0.0,29.117304,0.0,3.0237303823910064,0,-4.877046017538525,1,,,non_impact,Storm-linked,25.695484005339758,Low baseline HC,,,,5,2,2,5,Isolated_Storm,0,0,0,0.0,,7.704861099826761,-5.962999999999999,-9.972617702188089,,-7.8333333333332575,-0.4062194212962993,-0.4369166666666667,-0.2345,1.1501768267899024
Hyde_Reef,-19.75438888888889,Central,2009,2009,2010.0,2013,2013,2017.0,1.0,1.0,S -> S,S_to_S,S_to_S,S_to_S,Storm,Storm,Isolated Storm,Isolated Storm,2004,2007,3,15.478186553900064,16.2932880498386,0.7953797661883182,3.5968414344920743,16.53937122322524,0.9242527690222786,13.900461086581048,42.76391544155221,0.8760760313147318,0.7676186792317882,2.575904913022244,0.6656864882852025,0.0,0.0,57.56662490816949,42.338412,2.95,29.117304,0.62,71.455716,3.5700000000000003,11.88134511940799,1,10.303619652088974,1,0.8672098612183374,1.0,recovered,Storm-linked,25.695484005339758,Low baseline HC,0.015103346398462204,0.0,1.609530509625204,5,2,2,5,S_to_S,0,0,0,0.6931471805599453,1.0,50.043273099826756,-2.392999999999999,-12.033659634168425,-1.46875,-1.8333333333332575,-0.4062194212962993,-0.4369166666666667,-0.2345,14.897912340081334
Hyde_Reef,-19.75438888888889,Central,2017,2017,,2017,2017,2021.0,,,Isolated Storm,Isolated_Storm,Isolated_Storm,Isolated_Storm,Storm,,Isolated Storm,,2013,2015,2,5.214782124408977,23.98288344501256,0.9038987339613256,13.900461086581048,42.76391544155221,0.8760760313147318,35.301662561280864,35.25531028725904,0.7590399004450515,-1.0,5.350300368674954,4.103949304905111,0.0,0.0,92.62508920693114,35.75358,2.61,0.0,0.0,35.75358,2.61,-8.685678962172071,0,21.401201474699818,1,,,non_impact,Storm-linked,25.695484005339758,Low baseline HC,0.7831014998509412,0.0,-0.3130818348639659,4,2,2,5,Isolated_Storm,0,0,0,0.0,,14.34113709982676,-3.3529999999999993,-22.297064063659512,,6.1666666666667425,-0.4062194212962993,-0.4369166666666667,-0.2345,49.95637663884298
Jenkins_Reef,-21.955277777777777,South,2020,2020,2024.0,2026,2026,,4.0,4.0,H -> H,H_to_H,H_to_H,H_to_H,Heatwave,Heatwave,Isolated Heatwave (Moderate),Isolated Heatwave (Severe),2016,2018,2,35.25245348044507,18.34572570379839,0.5107925374115849,29.51679798201327,,,,,,0.162702306709331,,,0.73,0.03,71.1756617063481,0.0,6.41,0.0,9.33,0.0,15.74,5.7356554984318,1,,0,,,recovery_unobserved,Heat-linked,25.695484005339758,High baseline HC,,,,4,2,2,5,H_to_H,0,0,0,1.6094379124341003,16.0,-21.41244290017324,9.777000000000001,7.7406072923765805,1.53125,9.166666666666742,-2.607108310185186,0.2930833333333333,-0.2045,28.50694913825994
John_Brewer_Reef,-18.6275,Central,2000,2000,,2003,2003,2007.0,,,Isolated Storm,Isolated_Storm,Isolated_Storm,Isolated_Storm,Storm,,Isolated Storm,,1995,1998,4,26.75498157215977,,3.750810266891608,1.716715506013504,,12.915712872583685,1.713483876535559,2.641728446155264,12.432920884834166,0.9358356685321042,-0.0008079073694862,-0.0001207860849849,0.01,0.11,37.090313657927815,26.442216,0.0,0.0,0.0,26.442216,0.0,25.038266066146267,1,-0.003231629477945086,1,-0.0001290676227102845,0.0,failed,Storm-linked,25.695484005339758,High baseline HC,,,,5,2,2,5,Isolated_Storm,0,0,0,0.0,,5.029773099826759,-5.962999999999999,-0.756864615908718,,-10.833333333333258,0.7206694675925895,-0.42691666666666667,-0.12449999999999999,-5.578398910160338
John_Brewer_Reef,-18.6275,Central,2017,2017,,2020,2020,2024.0,,,Isolated Heatwave,Isolated_Heatwave,Isolated_Heatwave,Isolated_Heatwave,Heatwave,,Isolated Heatwave (Moderate),,2013,2015,2,17.49290223169215,19.01682749348112,1.996216386461656,9.109232100777296,9.244210066284236,2.4908600350009373,12.834414016637997,10.352417127951432,9.31731225622103,0.4792612466401392,0.9312954789651752,0.2129539093353951,0.0033333333333333,0.01,43.81695663744891,0.0,5.7,0.0,0.0,0.0,5.7,8.383670130914853,1,3.7251819158607002,1,0.44433784460627346,0.0,failed,Heat-linked,25.695484005339758,Low baseline HC,-0.5138931522908798,0.5138931522908798,0.05827507569530639,4,2,2,5,Isolated_Heatwave,0,0,1,0.0,,-21.41244290017324,-0.262999999999999,-10.01894395637634,,6.1666666666667425,0.7206694675925895,-0.4335833333333334,-0.22449999999999998,1.1482440693607572
Kelso_Reef,-18.435819444444444,Central,2006,2006,,2007,2007,2010.0,,,Isolated Storm,Isolated_Storm,Isolated_Storm,Isolated_Storm,Storm,,Isolated Storm,,2002,2003,2,11.85486092505824,,,5.389843570512482,,5.396716586248592,9.015775871949565,16.374662638400387,2.600064419207618,0.545347380742385,1.2086441004790276,0.305860382872376,1.2333333333333334,0.0,,19.06081035281096,0.8200000000000001,0.0,0.0,19.06081035281096,0.8200000000000001,6.4650173545457585,1,3.625932301437083,1,0.5608542255323684,1.0,recovered,Storm-linked,25.695484005339758,Low baseline HC,,,,4,3,2,5,Isolated_Storm,0,0,0,0.0,,-2.3516325473622786,-5.142999999999999,-15.656985263010249,,-4.8333333333332575,0.9123500231481465,0.7964166666666668,-0.2345,
Kelso_Reef,-18.435819444444444,Central,2017,2017,2021.0,2024,2024,,4.0,4.0,H -> H,H_to_H,H_to_H,H_to_H,Heatwave,Heatwave,Isolated Heatwave (Moderate),Isolated Heatwave (Moderate),2012,2014,2,7.999666683686824,15.30280561740465,3.1151465897935866,16.968826368802517,26.3237588073251,3.300411184001625,,,,-1.0,,,0.0066666666666666,0.0,,0.0,7.640000000000001,0.0,5.21,0.0,12.85,-8.969159685115693,0,,0,,,non_impact,Heat-linked,25.695484005339758,Low baseline HC,0.7201916737010478,0.0,,5,3,2,5,H_to_H,0,0,0,1.6094379124341003,16.0,-21.41244290017324,6.8870000000000005,-19.512179504381663,1.53125,6.1666666666667425,0.9123500231481465,-0.4302500000000001,-0.2345,
Knife_Reef,-18.58,Central,2016,2016,2017.0,2018,2018,2022.0,1.0,1.0,H -> H,H_to_H,H_to_H,H_to_H,Heatwave,Heatwave,Isolated Heatwave (Moderate),Isolated Heatwave (Moderate),2012,2014,2,10.78611413651584,19.603454971300778,1.8317067841622088,30.21029731567192,24.2623197732044,1.6333335043722923,45.24688481218988,55.28570585856765,0.9856229310045216,-1.0,3.759146874129491,1.3940690137528178,0.0,0.0,63.05929818447651,0.0,4.94,0.0,6.15,0.0,11.09,-19.42418317915608,0,15.036587496517964,1,,,non_impact,Heat-linked,25.695484005339758,Low baseline HC,0.23765529131085025,0.0,1.5825468587440896,4,2,2,5,H_to_H,0,0,0,0.6931471805599453,1.0,-21.41244290017324,5.127000000000001,-16.725732051552647,-1.46875,5.1666666666667425,0.7681694675925925,-0.4369166666666667,-0.2345,20.390585616388357
Low_Isles,-16.384999999999998,Central,1999,1999,,2000,2000,2004.0,,,Isolated Storm,Isolated_Storm,Isolated_Storm,Isolated_Storm,Storm,,Isolated Storm,,1995,1997,3,36.55032137785254,,0.6137441524855934,8.740091408106741,,21.91732535671642,11.54044348283266,,3.033617378825409,0.7608751146740189,0.70008801868148,0.0766163461540115,0.0333333333333333,0.21,30.444289679030263,19.857384,0.0,0.0,0.0,19.857384,0.0,27.810229969745798,1,2.80035207472592,1,0.10069503480454378,0.0,failed,Storm-linked,25.695484005339758,High baseline HC,,,,4,2,2,5,Isolated_Storm,0,0,0,0.0,,-1.5550589001732398,-5.962999999999999,9.038475189784052,,-11.833333333333258,2.963169467592593,-0.4035833333333334,-0.024499999999999994,-12.224422889057891
Low_Isles,-16.384999999999998,Central,2014,2014,2017.0,2020,2020,2024.0,3.0,3.0,S -> H,S_to_H,S_to_H,S_to_H,Storm,Heatwave,Isolated Storm,Isolated Heatwave (Severe),2009,2011,3,29.571445536746666,8.909985329683568,0.4629404181913965,18.97600826011352,,,37.548853464081546,10.378577682871237,0.9593398508986158,0.358299605728331,4.643211300992006,0.6280668687937038,0.0,0.0,,22.26294236357387,0.0,0.0,11.54,22.26294236357387,11.54,10.595437276633145,1,18.572845203968026,1,1.7529097402075149,1.0,recovered,Storm-linked,25.695484005339758,High baseline HC,,,,5,3,2,5,S_to_H,1,0,0,1.3862943611198906,9.0,0.8504994634006309,5.577,2.0595993486781765,0.53125,3.1666666666667425,2.963169467592593,-0.4369166666666667,-0.2345,
Macgillivray_Reef,-14.651944444444444,North-Central,1990,1990,,1993,1993,1997.0,,,Isolated Storm,Isolated_Storm,Isolated_Storm,Isolated_Storm,Storm,,Isolated Storm,,1986,1987,2,29.956711654649844,,,22.18540582688125,,0.7129079886195667,16.47457691199098,,2.4274910174466853,0.2594178532463305,-1.4277072287225678,-0.1906360411224856,0.0233333333333333,0.0,,23.43235980053449,0.54,0.0,0.0,23.43235980053449,0.54,7.771305827768593,1,-5.710828914890271,1,-0.7348609154569902,0.0,failed,Storm-linked,25.695484005339758,High baseline HC,,,,4,3,2,5,Isolated_Storm,0,0,0,0.0,,2.019916900361249,-5.422999999999999,2.444865466581355,,-20.833333333333258,4.696225023148147,-0.41358333333333336,-0.2345,
Macgillivray_Reef,-14.651944444444444,North-Central,2014,2014,2015.0,2015,2015,2019.0,1.0,1.0,S -> S,S_to_S,S_to_S,S_to_S,Storm,Storm,Isolated Storm,Isolated Storm,2009,2011,3,25.0060564290861,15.132786944367272,0.8542692766718037,11.704742324012075,5.96975351703047,1.1550673080493548,9.73613274031132,13.4730787386621,2.705227521772793,0.531923701875776,-0.492152395925189,-0.0787253115773562,0.0866666666666666,0.0,,41.000868,0.0,29.117304,1.69,70.118172,1.69,13.301314105074026,1,-1.968609583700756,1,-0.14800113493671985,0.0,failed,Storm-linked,25.695484005339758,Low baseline HC,-0.6055086522411834,0.6055086522411834,0.4958323439837048,5,3,2,5,S_to_S,0,0,0,0.6931471805599453,1.0,48.70572909982676,-4.273,-2.505789758982388,-1.46875,3.1666666666667425,4.696225023148147,-0.35025000000000006,-0.2345,
Mackay_Reef,-16.044722222222223,Central,1999,1999,,2001,2001,2005.0,,,Isolated Storm,Isolated_Storm,Isolated_Storm,Isolated_Storm,Storm,,Isolated Storm,,1995,1996,2,28.98395132274802,,1.2635542279793452,20.91628210197898,,2.5634182142338515,26.56928464309341,,0.8253415920348188,0.2783495297425903,1.413250635278608,0.1950390572412285,0.1833333333333333,0.28,35.373657250523536,19.857384,0.0,0.0,0.0,19.857384,0.0,8.06766922076904,1,5.653002541114432,1,0.7006983536907536,1.0,recovered,Storm-linked,25.695484005339758,High baseline HC,,,,4,3,2,5,Isolated_Storm,0,0,0,0.0,,-1.5550589001732398,-5.962999999999999,1.4721051346795306,,-11.833333333333258,3.303447245370368,-0.2535833333333334,0.04550000000000004,-7.295055317564618
Mackay_Reef,-16.044722222222223,Central,2014,2014,2017.0,2019,2019,2023.0,3.0,3.0,S -> H,S_to_H,S_to_H,S_to_H,Storm,Heatwave,Isolated Storm,Isolated Heatwave (Severe),2009,2011,3,29.34972297544556,6.476839898629811,0.7937789246253006,13.966008758171286,10.706207078364988,1.433888415113202,20.2462850390892,12.983621695717614,1.9780736165917403,0.5241519393605361,1.5700690702294788,0.2139807686148211,0.0666666666666666,0.0,,24.80804457444268,0.0,0.0,9.13,24.80804457444268,9.13,15.383714217274273,1,6.280276280917915,1,0.4082418713853794,0.0,failed,Storm-linked,25.695484005339758,High baseline HC,0.6529985681180586,0.0,0.35162434968238415,5,3,2,5,S_to_H,1,0,0,1.3862943611198906,9.0,3.3956016742694395,3.1670000000000016,1.8378767873770698,0.53125,3.1666666666667425,3.303447245370368,-0.3702500000000001,-0.2345,
Masthead_Island,-23.54035555555556,South,2015,2015,,2016,2016,2020.0,,,Isolated Storm,Isolated_Storm,Isolated_Storm,Isolated_Storm,Storm,,Isolated Storm,,2010,2012,2,21.69541482183624,2.7035800136483887,0.3347562148637225,12.876205529943,3.994260325721178,0.1995545650996255,21.46250267252677,2.3504468755938097,0.4044372466060034,0.4065010678208735,2.1465742856459427,0.3957655206454841,0.0,0.0,,21.616374742620703,1.02,0.0,0.0,21.616374742620703,1.02,8.819209291893241,1,8.58629714258377,1,0.9735903592260173,1.0,recovered,Storm-linked,25.695484005339758,Low baseline HC,0.47739675007105137,0.0,-0.6080136122581771,5,3,2,5,Isolated_Storm,0,0,0,0.0,,0.20393184244746365,-4.943,-5.816431366232248,,4.1666666666667425,-4.19218608796297,-0.4369166666666667,-0.2345,
Michaelmas_Cay,-16.565555555555555,Central,1999,1999,,2000,2000,2004.0,,,Isolated Storm,Isolated_Storm,Isolated_Storm,Isolated_Storm,Storm,,Isolated Storm,,1994,1997,4,19.75026507499106,,1.776139974000604,20.912119083609184,,5.59999169463654,21.55280505918753,,0.9319125289643854,-0.0588272615180913,0.1601714938945866,0.0324393608463321,0.0366666666666666,0.14,36.12176084304497,19.857384,0.99,0.0,0.0,19.857384,0.99,-1.1618540086181248,0,0.6406859755783465,1,,,non_impact,Storm-linked,25.695484005339758,Low baseline HC,,,,5,2,2,5,Isolated_Storm,0,0,0,0.0,,-1.5550589001732398,-4.972999999999999,-7.76158111307743,,-11.833333333333258,2.7826139120370357,-0.4002500000000001,-0.09449999999999997,-6.546951725043186
Michaelmas_Cay,-16.565555555555555,Central,2006,2006,2010.0,2013,2013,2017.0,4.0,4.0,S -> S,S_to_S,S_to_S,S_to_S,Storm,Storm,Isolated Storm,Isolated Storm,2001,2004,4,22.69562751621664,,3.112842337735128,13.099113936686338,13.68809143576016,5.74370637657635,20.41020459633629,14.81946193048749,6.85606921877095,0.4228353489090941,1.827772664912488,0.3221365284756273,0.0,0.0,,20.0110980221287,0.44,18.51984,1.5,38.53093802212869,1.94,9.596513579530301,1,7.311090659649951,1,0.7618486233630475,1.0,recovered,Storm-linked,25.695484005339758,Low baseline HC,,,,5,2,2,5,S_to_S,0,0,0,1.6094379124341003,16.0,17.118495121955448,-4.023,-4.81621867185185,1.53125,-4.8333333333332575,2.7826139120370357,-0.4369166666666667,-0.2345,
Michaelmas_Cay,-16.565555555555555,Central,2016,2016,2017.0,2019,2019,,1.0,1.0,H -> H,H_to_H,H_to_H,H_to_H,Heatwave,Heatwave,Isolated Heatwave (Moderate),Isolated Heatwave (Severe),2011,2013,2,13.258722097299778,10.189710083347595,4.010151544645104,8.354838764196574,5.578000557986339,6.5926623871489305,,,,0.3698609335889098,,,0.0066666666666666,0.0,,0.0,5.48,0.0,10.96,0.0,16.44,4.903883333103204,0,,0,,,non_impact,Heat-linked,25.695484005339758,Low baseline HC,-0.45258495949731525,0.45258495949731525,,5,3,2,5,H_to_H,0,0,0,0.6931471805599453,1.0,-21.41244290017324,10.477000000000002,-14.253124090768711,-1.46875,5.1666666666667425,2.7826139120370357,-0.4302500000000001,-0.2345,
Moore_Reef,-16.86277777777778,Central,2017,2017,2020.0,2020,2020,,3.0,3.0,H -> H,H_to_H,H_to_H,H_to_H,Heatwave,Heatwave,Isolated Heatwave (Severe),Isolated Heatwave (Moderate),2012,2014,2,20.75119583119908,11.97850957200621,3.7602111466004047,14.956806731098016,4.735319382021261,7.003489874143176,,,,0.2792315752420058,,,0.0033333333333333,0.0,,0.0,10.7,0.0,5.6000000000000005,0.0,16.3,5.794389100101064,1,,0,,,recovery_unobserved,Heat-linked,25.695484005339758,Low baseline HC,-0.6046820889063104,0.6046820889063104,,5,3,2,5,H_to_H,0,0,0,1.3862943611198906,9.0,-21.41244290017324,10.337000000000002,-6.760650356869409,0.53125,6.1666666666667425,2.4853916898148114,-0.4335833333333334,-0.2345,
Myrmidon_Reef,-18.26536388888889,Central,2000,2000,2004.0,2007,2007,2011.0,4.0,4.0,S -> H,S_to_H,S_to_H,S_to_H,Storm,Heatwave,Isolated Storm,Isolated Heatwave (Moderate),1995,1998,4,32.56810937352465,,1.93560429676043,24.116188653212305,16.664458996221782,3.504638210601229,19.65680965325989,5.638791990225919,2.2291163488672394,0.2595152399968019,-1.1148447499881031,-0.1369247121104777,0.0,0.0,34.52628794643188,20.948618644133813,0.0,0.0,4.03,20.948618644133813,4.03,8.451920720312344,1,-4.459378999952413,1,-0.527617230156368,0.0,failed,Storm-linked,25.695484005339758,High baseline HC,,,,5,2,2,5,S_to_H,1,0,0,1.6094379124341003,16.0,-0.4638242560394268,-1.932999999999999,5.05626318545616,1.53125,-10.833333333333258,1.0828055787037023,-0.4369166666666667,-0.2345,-8.142424621656275
North_Direction_Island,-14.743333333333332,North-Central,2014,2014,2015.0,2017,2017,2021.0,1.0,1.0,S -> S,S_to_S,S_to_S,S_to_S,Storm,Storm,Isolated Storm,Isolated Storm,2009,2011,3,32.649381422675525,10.244670371187162,1.39349828825106,4.628370176594759,7.019535250804417,1.854313903534097,9.94392595282751,9.703291353143104,5.89206483832576,0.858240187871361,1.3288889440581877,0.1628072430352696,0.29,0.0,,41.000868,0.0,29.117304,1.82,70.118172,1.82,28.021011246080768,1,5.315555776232751,1,0.18969892733533036,0.0,failed,Storm-linked,25.695484005339758,High baseline HC,-0.3148110191474139,0.3148110191474139,0.26196607651590953,5,3,2,5,S_to_S,0,0,0,0.6931471805599453,1.0,48.70572909982676,-4.142999999999999,5.137535234607036,-1.46875,3.1666666666667425,4.6048361342592585,-0.1469166666666667,-0.2345,
North_Island,-23.184094444444444,South,2014,2014,,2014,2014,2018.0,,,Isolated Heatwave,Isolated_Heatwave,Isolated_Heatwave,Isolated_Heatwave,Heatwave,,Isolated Heatwave (Moderate),,2010,2012,2,9.992175221483514,17.138407004499012,3.774842120121416,34.90716860162028,36.17637913328791,7.042645622632369,49.2702667906601,36.96989021645325,3.2042680790898523,-1.0,3.590774547259956,1.4374345796257335,0.0,0.0,35.032476372104384,0.0,5.42,0.0,0.0,0.0,5.42,-24.914993380136764,0,14.363098189039825,1,,,non_impact,Heat-linked,25.695484005339758,Low baseline HC,1.1108367378479942,0.0,0.04630016564299336,4,2,2,5,Isolated_Heatwave,0,0,1,0.0,,-21.41244290017324,-0.5429999999999993,-17.519670966584975,,3.1666666666667425,-3.835924976851853,-0.4369166666666667,-0.2345,-7.63623619598377
North_Island,-23.184094444444444,South,2020,2020,,2020,2020,,,,Isolated Heatwave,Isolated_Heatwave,Isolated_Heatwave,Isolated_Heatwave,Heatwave,,Isolated Heatwave (Moderate),,2016,2018,2,50.69205158948061,34.802324832071925,3.6368726121391406,36.81985188724767,13.621705529859934,1.6790668527231531,,,,0.2736563083809304,,,0.0,0.0,47.93298627722472,0.0,7.42,0.0,0.0,0.0,7.42,13.87219970223294,1,,0,,,recovery_unobserved,Heat-linked,25.695484005339758,High baseline HC,-0.6085978280017974,0.6085978280017974,,4,2,2,5,Isolated_Heatwave,0,0,1,0.0,,-21.41244290017324,1.4570000000000007,23.180205401412124,,9.166666666666742,-3.835924976851853,-0.4369166666666667,-0.2345,5.2642737091365674
One_Tree_Island,-23.495,South,2020,2020,2024.0,2025,2025,,4.0,4.0,H -> H,H_to_H,H_to_H,H_to_H,Heatwave,Heatwave,Isolated Heatwave (Moderate),Isolated Heatwave (Severe),2015,2017,2,29.253787351521854,35.330412303609464,4.424009919423938,19.17891489677709,5.75338703414633,3.5719392206058007,,,,0.3443954908703692,,,0.0133333333333333,0.0,,0.0,5.34,0.0,11.53,0.0,16.869999999999997,10.074872454744764,1,,0,,,recovery_unobserved,Heat-linked,25.695484005339758,High baseline HC,-0.8371548289698689,0.8371548289698689,,5,3,2,5,H_to_H,0,0,0,1.6094379124341003,16.0,-21.41244290017324,10.906999999999998,1.7419411634533652,1.53125,9.166666666666742,-4.14683053240741,-0.42358333333333337,-0.2345,
Opal_Reef,-16.21527777777778,Central,1999,1999,,2001,2001,2005.0,,,Isolated Storm,Isolated_Storm,Isolated_Storm,Isolated_Storm,Storm,,Isolated Storm,,1995,1997,3,23.2032329017684,,2.821717919102831,18.873807124356844,,2.790076710147148,20.93941091663769,,6.221374535013009,0.1865871792840382,0.5164009480702116,0.0890222410396708,0.0033333333333333,0.0,47.13301285783921,19.857384,0.58,0.0,0.0,19.857384,0.58,4.329425777411554,0,2.0656037922808466,1,,,non_impact,Storm-linked,25.695484005339758,Low baseline HC,,,,4,2,2,5,Isolated_Storm,0,0,0,0.0,,-1.5550589001732398,-5.382999999999999,-4.3086132863000906,,-11.833333333333258,3.1328916898148123,-0.4335833333333334,-0.2345,4.464300289751058
Opal_Reef,-16.21527777777778,Central,2006,2006,2008.0,2009,2009,2013.0,2.0,2.0,H -> H,H_to_H,H_to_H,H_to_H,Heatwave,Heatwave,Isolated Heatwave (Moderate),Isolated Heatwave (Moderate),2001,2004,4,19.64193943949683,,2.3921198797551924,24.25474117730312,7.236329468649156,0.8516517869325071,21.662781901489005,9.240595961252705,3.600838892919056,-0.2348445148207043,-0.6479898189535289,-0.1319604555241676,0.0,0.0,,0.0,4.17,0.0,6.890000000000001,0.0,11.06,-4.61280173780629,0,-2.5919592758141157,1,,,non_impact,Heat-linked,25.695484005339758,Low baseline HC,,,,5,2,2,5,H_to_H,0,0,0,1.0986122886681098,4.0,-21.41244290017324,5.097000000000001,-7.869906748571658,-0.46875,-4.8333333333332575,3.1328916898148123,-0.4369166666666667,-0.2345,
Opal_Reef,-16.21527777777778,Central,2014,2014,2016.0,2019,2019,,2.0,2.0,H -> H,H_to_H,H_to_H,H_to_H,Heatwave,Heatwave,Isolated Heatwave (Severe),Isolated Heatwave (Moderate),2009,2011,2,25.480858791646245,6.116835539391143,1.667162062873471,3.7035191745506144,3.4454344687365386,4.155096625825684,,,,0.8546548526941803,,,0.0,0.0,,0.0,9.69,0.0,6.8100000000000005,0.0,16.5,21.77733961709563,1,,0,,,recovery_unobserved,Heat-linked,25.695484005339758,Low baseline HC,-0.4367292619609175,0.4367292619609175,,5,3,2,5,H_to_H,0,0,0,1.0986122886681098,4.0,-21.41244290017324,10.537,-2.030987396422244,-0.46875,3.1666666666667425,3.1328916898148123,-0.4369166666666667,-0.2345,
Peart_Reef,-17.47472222222222,Central,2017,2017,2020.0,2020,2020,2024.0,3.0,3.0,H -> H,H_to_H,H_to_H,H_to_H,Heatwave,Heatwave,Isolated Heatwave (Severe),Isolated Heatwave (Moderate),2012,2014,2,35.909529100588,29.567569759441877,3.889418090518987,13.879939358890672,9.56529902559695,15.4246525004036,29.108070695344,27.44480223457113,9.464755679940469,0.6134747598607915,3.807032834113332,0.4240693687126065,0.32,0.0,,0.0,8.64,0.0,5.5600000000000005,0.0,14.2,22.02958974169733,1,15.228131336453329,1,0.6912580540539851,1.0,recovered,Heat-linked,25.695484005339758,High baseline HC,-0.676493566991841,0.676493566991841,0.604699789480151,5,3,2,5,H_to_H,0,0,0,1.3862943611198906,9.0,-21.41244290017324,8.237,8.397682912519514,0.53125,6.1666666666667425,1.8734472453703717,-0.11691666666666667,-0.2345,
Pompey_Reef_No_1,-20.93496111111111,South,2015,2015,2017.0,2018,2018,2023.0,2.0,2.0,S -> H,S_to_H,S_to_H,S_to_H,Storm,Heatwave,Isolated Storm,Isolated Heatwave (Moderate),2010,2012,2,35.10781833645442,18.67081891276197,1.9830724305500604,9.000944378371836,24.061610841931103,3.0811782115986466,25.19652755724253,30.714240487417648,1.4379683797069072,0.7436199455029752,3.2391166357741383,0.4613098718826942,0.0,0.0,,41.000868,1.14,0.0,4.24,41.000868,5.38,26.106873958082588,1,16.19558317887069,1,0.6203570448485887,1.0,recovered,Storm-linked,25.695484005339758,High baseline HC,0.28872819956945717,0.0,0.35631161528428235,5,3,2,5,S_to_H,1,0,0,1.0986122886681098,4.0,19.588425099826758,-0.5829999999999993,7.595972148385933,-0.46875,4.1666666666667425,-1.58679164351852,-0.4369166666666667,-0.2345,
Rebe_Reef,-19.7981,Central,2003,2003,2004.0,2007,2007,2011.0,1.0,1.0,S -> H,S_to_H,S_to_H,S_to_H,Storm,Heatwave,Isolated Storm,Isolated Heatwave (Moderate),1998,2001,4,19.540064890544517,,0.3796103552963358,18.11041507736537,7.312275357736754,0.2720162992593848,3.226949971477211,3.2016499437352293,1.7431638812640216,0.073165049409378,-3.72086627647204,-0.7616896458256035,0.0,0.0,39.68700489358476,29.117304,0.15,0.0,5.0,29.117304,5.15,1.4296498131791466,0,-14.88346510588816,1,,,non_impact,Storm-linked,25.695484005339758,Low baseline HC,,,,5,2,2,5,S_to_H,1,0,0,0.6931471805599453,1.0,7.704861099826761,-0.8129999999999988,-7.971781297523972,-1.46875,-7.8333333333332575,-0.44993053240741077,-0.4369166666666667,-0.2345,-2.98170767450339
Reef_13_124,-13.868169444444446,North,2005,2005,,2006,2006,,,,Isolated Storm,Isolated_Storm,Isolated_Storm,Isolated_Storm,Storm,,Isolated Storm,,2000,2003,4,21.10208671715154,,,20.24187811294965,,,,,,0.0407641488603457,,,0.0566666666666666,0.05,,29.976776538560475,0.0,0.0,0.0,29.976776538560475,0.0,0.8602086042018904,0,,0,,,non_impact,Storm-linked,25.695484005339758,Low baseline HC,,,,5,2,2,5,Isolated_Storm,0,0,0,0.0,,8.564333638387236,-5.962999999999999,-6.409759470916949,,-5.8333333333332575,5.480000023148145,-0.3802500000000001,-0.1845,
Reef_19_131,-19.75961388888889,Central,2003,2003,,2004,2004,2007.0,,,Isolated Storm,Isolated_Storm,Isolated_Storm,Isolated_Storm,Storm,,Isolated Storm,,1998,2001,4,35.79505611856024,,2.720071483244692,31.297665557395288,,0.1199846121178013,40.94623232718117,14.542768334181616,1.4034703197244398,0.1256427855921978,3.2161889232619614,0.2695502624113213,0.0,0.0,31.4792465589845,23.774914614487606,0.0,0.0,0.0,23.774914614487606,0.0,4.497390561164952,0,9.648566769785884,1,,,non_impact,Storm-linked,25.695484005339758,High baseline HC,,,,5,2,2,5,Isolated_Storm,0,0,0,0.0,,2.362471714314367,-5.962999999999999,8.28320993049175,,-7.8333333333332575,-0.41144442129629866,-0.4369166666666667,-0.2345,-11.189466009103654
Reef_19_131,-19.75961388888889,Central,2009,2009,2010.0,2011,2011,2015.0,1.0,1.0,S -> S,S_to_S,S_to_S,S_to_S,Storm,Storm,Isolated Storm,Isolated Storm,2004,2007,3,37.30782425015564,14.542768334181616,0.6320549266815089,41.426381208148,6.667632843163999,1.6731574841839594,45.65885291206999,21.217060781880456,0.8690536750965813,-0.1103939197948585,1.058117925980497,0.1134472939387327,0.0,0.0,37.48070597674943,26.802764189629407,0.15,29.117304,0.62,55.92006818962941,0.77,-4.118556957992361,0,4.232471703921988,1,,,non_impact,Storm-linked,25.695484005339758,High baseline HC,-0.5415155704920184,0.5415155704920184,1.00045793238136,5,2,2,5,S_to_S,0,0,0,0.6931471805599453,1.0,34.50762528945617,-5.193,9.795978062087151,-1.46875,-1.8333333333332575,-0.41144442129629866,-0.4369166666666667,-0.2345,-5.188006591338727
Reef_19_131,-19.75961388888889,Central,2017,2017,2020.0,2021,2021,2025.0,3.0,3.0,S -> S,S_to_S,S_to_S,S_to_S,Storm,Storm,Isolated Storm,Isolated Storm,2013,2015,2,46.14105386044096,20.6329402968549,0.9120561156134748,40.887965904616685,21.261645021155573,1.2514541100196277,50.3459443556515,25.67299045719227,0.4652640467021586,0.1138484606726335,2.364494612758703,0.2049796799102504,0.0,0.0,28.67105296130168,35.75358,2.06,38.377224,3.0700000000000003,74.130804,5.130000000000001,5.253087955824277,1,9.457978451034812,1,1.800460706268668,1.0,recovered,Storm-linked,25.695484005339758,High baseline HC,0.03047092247906644,0.0,0.21380110505670988,4,2,2,5,S_to_S,0,0,0,1.3862943611198906,9.0,52.71836109982676,-0.8329999999999984,18.629207672372473,0.53125,6.1666666666667425,-0.41144442129629866,-0.4369166666666667,-0.2345,-13.997659606786474
Reef_19_138,-19.85005555555556,Central,1996,1996,,1997,1997,2001.0,,,Isolated Storm,Isolated_Storm,Isolated_Storm,Isolated_Storm,Storm,,Isolated Storm,,1991,1994,3,23.44745757655971,,0.8816829027797464,16.335131953752622,,0.534255055089355,22.739500228621925,,1.7288379747494056,0.3033303546699766,1.6010920687173256,0.2731370023363093,0.0,0.0,34.35020743346951,18.51984,0.49,0.0,0.0,18.51984,0.49,7.112325622807088,1,6.404368274869302,1,0.9004604983681316,1.0,recovered,Storm-linked,25.695484005339758,Low baseline HC,,,,5,2,2,5,Isolated_Storm,0,0,0,0.0,,-2.892602900173241,-5.472999999999999,-4.064388611508779,,-14.833333333333258,-0.5018860879629692,-0.4369166666666667,-0.2345,-8.318505134618647
Reef_19_138,-19.85005555555556,Central,2003,2003,,2006,2006,2010.0,,,Isolated Storm,Isolated_Storm,Isolated_Storm,Isolated_Storm,Storm,,Isolated Storm,,1998,2001,4,19.755538557880666,,3.189866362670475,19.965417604047207,,,22.50704128744894,,,-0.0106238078780607,0.6354059208504328,0.1286537279636881,0.0,0.0,38.17180647001712,28.30726962939996,0.0,0.0,0.0,28.30726962939996,0.0,-0.20987904616654163,0,2.541623683401731,1,,,non_impact,Storm-linked,25.695484005339758,Low baseline HC,,,,5,2,2,5,Isolated_Storm,0,0,0,0.0,,6.894826729226722,-5.962999999999999,-7.756307630187823,,-7.8333333333332575,-0.5018860879629692,-0.4369166666666667,-0.2345,-4.496906098071037
Reef_19_138,-19.85005555555556,Central,2009,2009,2010.0,2010,2010,2013.0,1.0,1.0,S -> S,S_to_S,S_to_S,S_to_S,Storm,Storm,Isolated Storm,Isolated Storm,2004,2007,4,34.88315115096006,,0.3149885632598524,22.50704128744894,,,34.86017653788709,,0.5579068418734491,0.3547876110719574,4.117711750146051,0.3541289947395755,0.0,0.0,40.093722635240326,26.29000264676222,0.14,29.117304,1.11,55.40730664676222,1.25,12.376109863511122,1,12.353135250438154,1,0.9981436321003658,1.0,recovered,Storm-linked,25.695484005339758,High baseline HC,,,,5,2,2,5,S_to_S,0,0,0,0.6931471805599453,1.0,33.99486374658898,-4.712999999999999,7.371304962891571,-1.46875,-1.8333333333332575,-0.5018860879629692,-0.4369166666666667,-0.2345,-2.574989932847828
Reef_19_138,-19.85005555555556,Central,2017,2017,,2019,2019,2023.0,,,Isolated Storm,Isolated_Storm,Isolated_Storm,Isolated_Storm,Storm,,Isolated Storm,,2013,2015,2,38.39600659023915,,0.739518298273022,34.1234816433095,,1.2360283053825667,43.47725959871386,,1.6422012180189924,0.1112752425669129,2.3384444888510885,0.2436133021651847,0.0,0.0,27.85299076501392,35.75358,2.64,0.0,0.0,35.75358,2.64,4.27252494692965,0,9.353777955404354,1,,,non_impact,Storm-linked,25.695484005339758,High baseline HC,,,,4,2,2,5,Isolated_Storm,0,0,0,0.0,,14.34113709982676,-3.322999999999999,10.884160402170664,,6.1666666666667425,-0.5018860879629692,-0.4369166666666667,-0.2345,-14.815721803074233
Reef_20_104,-20.031713888888888,South,2003,2003,,2003,2003,2007.0,,,Isolated Storm,Isolated_Storm,Isolated_Storm,Isolated_Storm,Storm,,Isolated Storm,,1998,2001,4,25.883639338831568,,6.423335513805486,34.730337527963414,,2.720676546705289,48.50110111498135,14.661095110521016,1.0670881308722475,-0.34178726079913,3.4426908967544847,0.5320257868976926,0.0,0.0,33.97422999220592,29.117304,0.0,0.0,0.0,29.117304,0.0,-8.846698189131846,0,13.770763587017939,1,,,non_impact,Storm-linked,25.695484005339758,High baseline HC,,,,5,2,2,5,Isolated_Storm,0,0,0,0.0,,7.704861099826761,-5.962999999999999,-1.6282068492369213,,-7.8333333333332575,-0.6835444212962969,-0.4369166666666667,-0.2345,-8.694482575882233
Reef_20_104,-20.031713888888888,South,2009,2009,2010.0,2010,2010,2013.0,1.0,1.0,S -> S,S_to_S,S_to_S,S_to_S,Storm,Storm,Isolated Storm,Isolated Storm,2004,2007,3,45.82304777822262,14.661095110521016,1.0515574378426975,15.295215205172893,,,37.99528067105546,25.29710809103936,1.9925526024878435,0.6662113074800333,7.566688488627522,0.4953853260862923,0.16,0.0,37.72065094598248,28.812487687609003,0.44,29.117304,1.14,57.92979168760901,1.5799999999999998,30.52783257304973,1,22.700065465882567,1,0.7435858871265695,1.0,recovered,Storm-linked,25.695484005339758,High baseline HC,,,,5,2,2,5,S_to_S,0,0,0,0.6931471805599453,1.0,36.51734878743577,-4.382999999999999,18.311201590154134,-1.46875,-1.8333333333332575,-0.6835444212962969,-0.2769166666666667,-0.2345,-4.948061622105676
Reef_20_104,-20.031713888888888,South,2017,2017,,2017,2017,2021.0,,,Isolated Storm,Isolated_Storm,Isolated_Storm,Isolated_Storm,Storm,,Isolated Storm,,2013,2015,2,43.41738692541483,31.54598364490517,2.265971095936078,56.7359331998962,28.381791187691302,0.8730850361841714,48.64984513503214,17.279415287321786,1.148583248477404,-0.3067560536833049,-2.021522016216016,-0.1862407813430795,0.0,0.0,30.5591724126918,34.47760163605681,2.18,0.0,0.0,34.47760163605681,2.18,-13.31854627448137,0,-8.086088064864065,1,,,non_impact,Storm-linked,25.695484005339758,High baseline HC,-0.10030413040313932,0.10030413040313932,-0.35194261257922776,4,2,2,5,Isolated_Storm,0,0,0,0.0,,13.065158735883571,-3.782999999999999,15.905540737346342,,6.1666666666667425,-0.6835444212962969,-0.4369166666666667,-0.2345,-12.109540155396353
Reef_21_060,-21.01388888888889,South,2015,2015,2017.0,2018,2018,2022.0,2.0,2.0,S -> H,S_to_H,S_to_H,S_to_H,Storm,Heatwave,Isolated Storm,Isolated Heatwave (Moderate),2010,2012,2,5.086118172395081,8.249966718802158,9.673589667559575,1.8641535501526096,11.44176168510354,1.6833525274201355,23.695570935162245,,,0.6334820609811412,5.457854346252409,4.292353548429077,1.3966666666666665,0.0,,41.000868,1.32,0.0,4.38,41.000868,5.7,3.2219646222424716,0,21.831417385009637,1,,,non_impact,Storm-linked,25.695484005339758,Low baseline HC,0.38688579906960036,0.0,,5,3,2,5,S_to_H,1,0,0,1.0986122886681098,4.0,19.588425099826758,-0.262999999999999,-22.425728015673407,-0.46875,4.1666666666667425,-1.6657194212962985,0.9597499999999999,-0.2345,
Reef_21_064,-21.05777777777778,South,2015,2015,,2018,2018,2023.0,,,Isolated Storm,Isolated_Storm,Isolated_Storm,Isolated_Storm,Storm,,Isolated Storm,,2010,2012,2,20.396880098977768,10.020118105322004,0.0705025220157362,7.356867637191203,16.863074434831237,2.097015130700256,22.255136543642912,,,0.6393140714907714,2.9796537812903416,0.7304190069342206,0.7533333333333333,0.0,,41.000868,1.13,0.0,0.0,41.000868,1.13,13.040012461786564,1,14.898268906451708,1,1.1425041923932757,1.0,recovered,Storm-linked,25.695484005339758,Low baseline HC,0.6829217238342452,0.0,,5,3,2,5,Isolated_Storm,0,0,0,0.0,,19.588425099826758,-4.832999999999999,-7.114966089090721,,4.1666666666667425,-1.7096083101851889,0.3164166666666666,-0.2345,
Reef_21_187,-21.414166666666667,South,2015,2015,,2018,2018,2022.0,,,Isolated Storm,Isolated_Storm,Isolated_Storm,Isolated_Storm,Storm,,Isolated Storm,,2010,2012,2,14.405393523595874,9.118004343576064,0.269879155480452,23.97244048923216,37.819906580891455,0.8992363837772913,51.25023837125158,,,-0.6641295116280974,6.819449470504854,1.8935822778696527,0.0,0.0,,22.23808902226356,0.29,0.0,0.0,22.23808902226356,0.29,-9.567046965636285,0,27.277797882019417,1,,,non_impact,Storm-linked,25.695484005339758,Low baseline HC,3.1478272169871064,0.0,,5,3,2,5,Isolated_Storm,0,0,0,0.0,,0.8256461220903191,-5.672999999999999,-13.106452664472615,,4.1666666666667425,-2.0659971990740758,-0.4369166666666667,-0.2345,
Reef_21_187,-21.414166666666667,South,2024,2024,,2025,2025,,,,Isolated Heatwave,Isolated_Heatwave,Isolated_Heatwave,Isolated_Heatwave,Heatwave,,Isolated Heatwave (Moderate),,2020,2022,2,38.03566353562324,17.340266666399057,0.938881952411021,21.8893710077886,21.467336061690244,1.9675565966978164,,,,0.4245040319255225,,,0.1399999999999999,0.15,38.2447364383043,0.0,7.25,0.0,0.0,0.0,7.25,16.146292527834643,1,,0,,,recovery_unobserved,Heat-linked,25.695484005339758,High baseline HC,0.23800495544214312,0.0,,4,2,2,5,Isolated_Heatwave,0,0,1,0.0,,-21.41244290017324,1.2870000000000008,10.523817347554754,,13.166666666666742,-2.0659971990740758,-0.2969166666666668,-0.08449999999999999,-4.423976129783853
Reef_21_278,-21.10443611111112,South,2017,2017,2020.0,2020,2020,,3.0,3.0,H -> H,H_to_H,H_to_H,H_to_H,Heatwave,Heatwave,Isolated Heatwave (Moderate),Isolated Heatwave (Moderate),2012,2014,2,27.39649198414652,20.84444694298104,0.837057560487866,28.20428954715422,9.204530794179288,1.828851981199825,,,,-0.0294854378974923,,,0.0,0.0,,0.0,4.12,0.0,7.52,0.0,11.64,-0.8077975630076999,0,,0,,,non_impact,Heat-linked,25.695484005339758,High baseline HC,-0.5584180851927696,0.5584180851927696,,5,3,2,5,H_to_H,0,0,0,1.3862943611198906,9.0,-21.41244290017324,5.677000000000001,-0.11535420392196727,0.53125,6.1666666666667425,-1.7562666435185292,-0.4369166666666667,-0.2345,
Reef_21_529,-21.86592777777778,South,2009,2009,,2011,2011,2015.0,,,Isolated Storm,Isolated_Storm,Isolated_Storm,Isolated_Storm,Storm,,Isolated Storm,,2004,2007,3,50.40219510409819,13.616221128995022,7.987726452556347,1.175435583140599,1.9296479313583603,1.51668565654402,9.678300562248596,19.616368765880484,10.30332039731717,0.9766788811337896,2.1257162447769997,0.168700290960475,0.0,0.0,34.097316446969785,42.338412,0.32,0.0,0.0,42.338412,0.32,49.22675952095759,1,8.502864979107997,1,0.17272851314716386,0.0,failed,Storm-linked,25.695484005339758,High baseline HC,-0.8582831526399585,0.8582831526399585,1.2989448883772303,5,2,2,5,Isolated_Storm,0,0,0,0.0,,20.92596909982676,-5.642999999999999,22.8903489160297,,-1.8333333333332575,-2.51775831018519,-0.4369166666666667,-0.2345,-8.571396121118369
Reef_21_529,-21.86592777777778,South,2024,2024,,2025,2025,,,,Isolated Heatwave,Isolated_Heatwave,Isolated_Heatwave,Isolated_Heatwave,Heatwave,,Isolated Heatwave (Moderate),,2019,2021,2,28.878167311618824,21.478755229172695,0.9413121281024716,22.709186259324632,15.931803384987958,0.8957450533865507,,,,0.2136209332720421,,,0.0,0.0,36.74426129884761,0.0,7.19,0.0,0.0,0.0,7.19,6.168981052294193,1,,0,,,recovery_unobserved,Heat-linked,25.695484005339758,High baseline HC,-0.25825294738918586,0.25825294738918586,,5,3,2,5,Isolated_Heatwave,0,0,1,0.0,,-21.41244290017324,1.2270000000000012,1.3663211235503354,,13.166666666666742,-2.51775831018519,-0.4369166666666667,-0.2345,-5.924451269240542
Reef_21_550,-21.950930555555555,South,2020,2020,2024.0,2025,2025,,4.0,4.0,H -> H,H_to_H,H_to_H,H_to_H,Heatwave,Heatwave,Isolated Heatwave (Moderate),Isolated Heatwave (Moderate),2016,2018,2,47.86239958562565,25.25205922402279,1.0764876223265505,35.92423019389772,,,,,,0.2494268882271686,,,0.0,0.0,28.68907564398961,0.0,5.89,0.0,7.85,0.0,13.739999999999998,11.938169391727932,1,,0,,,recovery_unobserved,Heat-linked,25.695484005339758,High baseline HC,,,,4,2,2,5,H_to_H,0,0,0,1.6094379124341003,16.0,-21.41244290017324,7.776999999999999,20.350553397557164,1.53125,9.166666666666742,-2.602761087962964,-0.4369166666666667,-0.2345,-13.979636924098543
Reef_21_591,-21.02861111111111,South,2015,2015,2017.0,2018,2018,2022.0,2.0,2.0,S -> H,S_to_H,S_to_H,S_to_H,Storm,Heatwave,Isolated Storm,Isolated Heatwave (Moderate),2010,2012,2,26.548709731526,15.272198734528624,2.7830392904183867,12.11181439065283,24.438926958665995,4.665304381996392,20.811628588499588,,,0.5437889632628616,2.1749535494616894,0.3276925427195403,0.0,0.0,,41.000868,1.28,0.0,4.29,41.000868,5.57,14.43689534087317,1,8.699814197846758,1,0.6026097711753985,1.0,recovered,Storm-linked,25.695484005339758,High baseline HC,0.6002232149724773,0.0,,5,3,2,5,S_to_H,1,0,0,1.0986122886681098,4.0,19.588425099826758,-0.3929999999999989,-0.9631364565424896,-0.46875,4.1666666666667425,-1.6804416435185203,-0.4369166666666667,-0.2345,
Reef_22_084,-22.000275,South,2020,2020,2024.0,2025,2025,,4.0,4.0,H -> H,H_to_H,H_to_H,H_to_H,Heatwave,Heatwave,Isolated Heatwave (Moderate),Isolated Heatwave (Severe),2016,2018,2,46.2850125678667,24.13123672607871,0.6491891019150703,10.558523495026016,,,,,,0.7718802932257114,,,0.0,2.9,25.56735196407622,0.0,6.48,0.0,8.45,0.0,14.93,35.726489072840685,1,,0,,,recovery_unobserved,Heat-linked,25.695484005339758,High baseline HC,,,,4,2,2,5,H_to_H,0,0,0,1.6094379124341003,16.0,-21.41244290017324,8.967,18.773166379798212,1.53125,9.166666666666742,-2.6521055324074077,-0.4369166666666667,2.6654999999999998,-17.101360604011933
Rib_Reef,-18.48361111111112,Central,1998,1998,2000.0,2003,2003,2007.0,2.0,2.0,H -> S,H_to_S,H_to_S,H_to_S,Heatwave,Storm,Isolated Heatwave (Moderate),Isolated Storm,1994,1996,3,54.54436176250285,,1.3109319439294866,3.3462309512581743,,10.810557364593157,6.596470838306012,6.858684721516283,6.432896969440121,0.9386512034767528,0.8125599717619595,0.0595889250881702,0.0066666666666666,0.0,32.30207115041534,0.0,4.21,25.534092598201067,0.0,25.534092598201067,4.21,51.19813081124468,1,3.250239887047838,1,0.06348356542606406,0.0,failed,Heat-linked,25.695484005339758,High baseline HC,,,,4,2,2,5,H_to_S,0,1,0,1.0986122886681098,4.0,4.121649698027827,-1.7529999999999992,27.032515574434363,-0.46875,-12.833333333333258,0.8645583564814707,-0.4302500000000001,-0.2345,-10.366641417672817
Rib_Reef,-18.48361111111112,Central,2011,2011,,2011,2011,2015.0,,,Isolated Storm,Isolated_Storm,Isolated_Storm,Isolated_Storm,Storm,,Isolated Storm,,2006,2009,4,10.535405905195113,10.869313184580776,6.82699781049211,8.877135485992458,4.594607114149016,1.0363084869036356,37.109829784922,47.79926913292508,1.4188272346286388,0.157399765526352,7.058173574732385,2.679791794733577,0.0,0.0,42.43247564121885,24.990323444774635,0.96,0.0,0.0,24.990323444774635,0.96,1.6582704192026547,0,28.23269429892954,1,,,non_impact,Storm-linked,25.695484005339758,Low baseline HC,-0.5772863440289002,0.5772863440289002,3.9749210722961106,5,2,2,5,Isolated_Storm,0,0,0,0.0,,3.5778805446013955,-5.002999999999999,-16.976440282873376,,0.16666666666674246,0.8645583564814707,-0.4369166666666667,-0.2345,-0.23623692686930298
Rib_Reef,-18.48361111111112,Central,2017,2017,,2019,2019,2023.0,,,Isolated Heatwave,Isolated_Heatwave,Isolated_Heatwave,Isolated_Heatwave,Heatwave,,Isolated Heatwave (Moderate),,2012,2015,4,20.943695365003727,31.94243739815249,1.8077791269748955,2.8672680891623696,11.455396060191148,3.5148727863883247,18.448450547833588,18.77861682334165,5.804947550091398,0.8630963619747122,3.8952956146678046,0.7439557435841478,0.0633333333333333,1.12,27.88183366725325,0.0,7.44,0.0,0.0,0.0,7.44,18.076427275841358,1,15.581182458671218,1,0.8619613943013527,1.0,recovered,Heat-linked,25.695484005339758,Low baseline HC,-0.6413737650197692,0.6413737650197692,0.22926305440842995,5,2,2,5,Isolated_Heatwave,0,0,1,0.0,,-21.41244290017324,1.4770000000000012,-6.568150823064762,,6.1666666666667425,0.8645583564814707,-0.3735833333333334,0.8855000000000002,-14.786878900834903
Slate_Reef,-19.667883333333336,Central,2003,2003,,2004,2004,2007.0,,,Isolated Storm,Isolated_Storm,Isolated_Storm,Isolated_Storm,Storm,,Isolated Storm,,1998,2001,4,41.63194946039364,,1.6305965963532851,41.93622203101182,,0.5378484795214592,35.54958228481734,10.490560605065602,0.2463682276013019,-0.0073086313411205,-2.128879915398161,-0.1534071747533797,0.0,0.0,30.09045705470116,27.295255775047657,0.15,0.0,0.0,27.295255775047657,0.15,-0.30427257061818125,0,-6.386639746194483,1,,,non_impact,Storm-linked,25.695484005339758,High baseline HC,,,,5,2,2,5,Isolated_Storm,0,0,0,0.0,,5.882812874874418,-5.812999999999999,14.120103272325153,,-7.8333333333332575,-0.319713865740745,-0.4369166666666667,-0.2345,-12.578255513386992
Slate_Reef,-19.667883333333336,Central,2009,2009,2010.0,2011,2011,2015.0,1.0,1.0,S -> S,S_to_S,S_to_S,S_to_S,Storm,Storm,Isolated Storm,Isolated Storm,2004,2007,3,40.00103174559636,10.490560605065602,0.4916019528540314,10.950684057441787,4.311380390957448,3.8178364910882014,17.653969041749072,25.38429520959232,0.8833751292712398,0.7262399598318529,1.6758212460768211,0.1675778021661963,0.0,0.0,51.02312934509366,42.338412,3.06,29.117304,0.77,71.455716,3.83,29.05034768815457,1,6.703284984307285,1,0.23074715167834578,0.0,failed,Storm-linked,25.695484005339758,High baseline HC,-0.5890228793992571,0.5890228793992571,2.0087501146944753,5,2,2,5,S_to_S,0,0,0,0.6931471805599453,1.0,50.043273099826756,-2.132999999999999,12.489185557527868,-1.46875,-1.8333333333332575,-0.319713865740745,-0.4369166666666667,-0.2345,8.354416777005504
Slate_Reef,-19.667883333333336,Central,2017,2017,,2019,2019,2023.0,,,Isolated Storm,Isolated_Storm,Isolated_Storm,Isolated_Storm,Storm,,Isolated Storm,,2013,2015,2,14.641311540921205,19.494154795359467,0.978852084751882,30.68167717851909,15.813175712826206,1.2455543845534924,46.87585057604239,14.117609768168656,1.373591669949736,-1.0,4.048543349380824,1.1060602974167977,0.0,0.0,41.10505774482977,35.75358,2.87,0.0,0.0,35.75358,2.87,-16.040365637597887,0,16.194173397523297,1,,,non_impact,Storm-linked,25.695484005339758,Low baseline HC,-0.18882475907134524,0.18882475907134524,-0.08697817178825192,4,2,2,5,Isolated_Storm,0,0,0,0.0,,14.34113709982676,-3.092999999999999,-12.870534647147284,,6.1666666666667425,-0.319713865740745,-0.4369166666666667,-0.2345,-1.563654823258382
Small_Lagoon_Reef,-21.87138888888889,South,2020,2020,2024.0,2026,2026,,4.0,4.0,H -> H,H_to_H,H_to_H,H_to_H,Heatwave,Heatwave,Isolated Heatwave (Moderate),Isolated Heatwave (Severe),2016,2018,2,50.30119536468929,25.0025294660227,0.7374910114555397,9.901715067216994,,,,,,0.803151495795906,,,0.0166666666666666,4.13,44.003905604640494,0.0,6.17,0.0,8.69,0.0,14.86,40.399480297472294,1,,0,,,recovery_unobserved,Heat-linked,25.695484005339758,High baseline HC,,,,4,2,2,5,H_to_H,0,0,0,1.6094379124341003,16.0,-21.41244290017324,8.897,22.789349176620803,1.53125,9.166666666666742,-2.5232194212963,-0.42025000000000007,3.8954999999999997,1.3351930365523401
Snake_Reef,-22.031944444444445,South,2009,2009,,2011,2011,2015.0,,,Isolated Storm,Isolated_Storm,Isolated_Storm,Isolated_Storm,Storm,,Isolated Storm,,2004,2007,4,45.47099735626551,29.12953715841116,1.5419128777264348,27.63804053491198,6.905488758130371,2.126596327601965,49.092150454738245,24.692741665053084,2.883457135420292,0.3921831025968534,5.363527479956566,0.4718196469660254,0.0,0.0,30.738705412796445,42.338412,0.33,0.0,0.0,42.338412,0.33,17.832956821353527,1,21.454109919826266,1,1.2030596010941215,1.0,recovered,Storm-linked,25.695484005339758,High baseline HC,-0.7629386035014151,0.7629386035014151,0.6106260051504677,5,2,2,5,Isolated_Storm,0,0,0,0.0,,20.92596909982676,-5.632999999999999,17.959151168197018,,-1.8333333333332575,-2.683774976851854,-0.4369166666666667,-0.2345,-11.930007155291708
Snake_Reef,-22.031944444444445,South,2020,2020,2024.0,2026,2026,,4.0,4.0,H -> H,H_to_H,H_to_H,H_to_H,Heatwave,Heatwave,Isolated Heatwave (Moderate),Isolated Heatwave (Moderate),2015,2017,2,55.249828047302486,25.416332979528143,2.0219499663956464,21.887766023277504,,,,,,0.6038401059902275,,,0.0333333333333333,0.0,,0.0,4.86,0.0,7.58,0.0,12.44,33.36206202402498,1,,0,,,recovery_unobserved,Heat-linked,25.695484005339758,High baseline HC,,,,5,3,2,5,H_to_H,0,0,0,1.6094379124341003,16.0,-21.41244290017324,6.477,27.737981859233997,1.53125,9.166666666666742,-2.683774976851854,-0.4035833333333334,-0.2345,
St_Crispin_Reef,-16.10346388888889,Central,1999,1999,,2000,2000,2004.0,,,Isolated Storm,Isolated_Storm,Isolated_Storm,Isolated_Storm,Storm,,Isolated Storm,,1995,1997,3,22.59829290707296,,0.9303895419159902,20.499286146615937,,2.2112061658497533,24.538492870567445,,0.6038372859351939,0.0928834212871036,1.0098016809878771,0.1787394623373207,0.0,0.0,37.76287191582057,19.857384,0.49,0.0,0.0,19.857384,0.49,2.099006760457023,0,4.039206723951509,1,,,non_impact,Storm-linked,25.695484005339758,Low baseline HC,,,,4,2,2,5,Isolated_Storm,0,0,0,0.0,,-1.5550589001732398,-5.472999999999999,-4.913553280995529,,-11.833333333333258,3.2447055787037016,-0.4369166666666667,-0.2345,-4.905840652267585
St_Crispin_Reef,-16.10346388888889,Central,2014,2014,2016.0,2018,2018,2022.0,2.0,2.0,S -> H,S_to_H,S_to_H,S_to_H,Storm,Heatwave,Isolated Storm,Isolated Heatwave (Moderate),2009,2012,4,25.656656670150973,11.60891002531495,0.7826299062046879,12.848689308633146,15.750822886854367,2.5840437763715447,34.84661438936501,25.264624497159605,1.0023841579715704,0.4992064058143106,5.499481270182965,0.8573964006122555,0.0,0.01,75.48650765072973,19.993910025930884,0.0,0.0,5.82,19.993910025930884,5.82,12.807967361517827,1,21.99792508073186,1,1.717518827134563,1.0,recovered,Storm-linked,25.695484005339758,Low baseline HC,0.3567874031676843,0.0,0.8195258288296647,5,2,2,5,S_to_H,1,0,0,1.0986122886681098,4.0,-1.4185328742423557,-0.1429999999999989,-1.8551895179175162,-0.46875,3.1666666666667425,3.2447055787037016,-0.4369166666666667,-0.22449999999999998,32.81779508264158
Tern_Island,-20.91027777777777,South,2015,2015,2017.0,2018,2018,2022.0,2.0,2.0,S -> H,S_to_H,S_to_H,S_to_H,Storm,Heatwave,Isolated Storm,Isolated Heatwave (Moderate),2010,2012,2,17.471570750950494,6.656480405133558,0.1558417645012668,14.538912014551231,7.881851759394379,0.3702768161090958,36.15177990537944,,,0.1678531815028548,5.403216972707053,1.2370306138417704,0.0,0.0,,38.59638811474957,2.35,0.0,4.01,38.59638811474957,6.359999999999999,2.9326587363992633,0,21.612867890828213,1,,,non_impact,Storm-linked,25.695484005339758,Low baseline HC,0.18408697685278236,0.0,,5,3,2,5,S_to_H,1,0,0,1.0986122886681098,4.0,17.183945214576333,0.39700000000000024,-10.040275437117995,-0.46875,4.1666666666667425,-1.562108310185181,-0.4369166666666667,-0.2345,
Thetford_Reef,-16.80611111111111,Central,2006,2006,2010.0,2012,2012,2016.0,4.0,4.0,S -> S,S_to_S,S_to_S,S_to_S,Storm,Storm,Isolated Storm,Isolated Storm,2002,2004,3,5.051415711858656,,2.926574643301746,19.036148378178712,14.048714075212738,1.7082610783356746,30.239679241872828,30.910540615174853,2.559209453138504,-1.0,2.800882715923529,2.217899199504173,0.0,0.0,56.92055523835906,24.53324895423199,0.77,18.51984,1.24,43.05308895423199,2.01,-13.984732666320056,0,11.203530863694116,1,,,non_impact,Storm-linked,25.695484005339758,Low baseline HC,,,,4,2,2,5,S_to_S,0,0,0,1.6094379124341003,16.0,21.64064605405875,-3.9529999999999994,-22.460430476209833,1.53125,-4.8333333333332575,2.54205835648148,-0.4369166666666667,-0.2345,14.251842670270904
Thetford_Reef,-16.80611111111111,Central,2017,2017,2020.0,2020,2020,2024.0,3.0,3.0,H -> H,H_to_H,H_to_H,H_to_H,Heatwave,Heatwave,Isolated Heatwave (Severe),Isolated Heatwave (Moderate),2012,2015,4,22.68636737517804,19.601104843039863,1.888111604970431,15.86055546239318,8.590222015063938,1.730117767364741,22.09710952033732,23.23650121776466,3.593804821324402,0.3008772537225692,1.559138514486035,0.2749031590120406,0.0466666666666666,0.0,48.08302494322127,0.0,10.88,0.0,6.23,0.0,17.11,6.825811912784861,1,6.23655405794414,1,0.9136721224713165,1.0,recovered,Heat-linked,25.695484005339758,Low baseline HC,-0.5617480706392818,0.5617480706392818,0.7472170227129545,5,2,2,5,H_to_H,0,0,0,1.3862943611198906,9.0,-21.41244290017324,11.147,-4.825478812890449,0.53125,6.1666666666667425,2.54205835648148,-0.3902500000000001,-0.2345,5.414312375133115
Turner_Cay,-21.71815277777777,South,2009,2009,,2011,2011,2015.0,,,Isolated Storm,Isolated_Storm,Isolated_Storm,Isolated_Storm,Storm,,Isolated Storm,,2004,2007,4,12.763918653078935,19.713216714605657,1.5596591635511234,19.65123161120048,9.646617971536363,0.913777050548356,38.421467712558886,47.34209899053661,1.7212547410587828,-0.5395923575915436,4.692559025339602,1.470570019406275,0.0,0.0,45.03060364180849,42.338412,1.21,0.0,0.0,42.338412,1.21,-6.887312958121544,0,18.770236101358407,1,,,non_impact,Storm-linked,25.695484005339758,Low baseline HC,-0.5106522638495057,0.5106522638495057,1.9121933048639093,5,2,2,5,Isolated_Storm,0,0,0,0.0,,20.92596909982676,-4.752999999999999,-14.747927534989554,,-1.8333333333332575,-2.36998331018518,-0.4369166666666667,-0.2345,2.3618910737203365
Turner_Cay,-21.71815277777777,South,2020,2020,2024.0,2025,2025,,4.0,4.0,H -> H,H_to_H,H_to_H,H_to_H,Heatwave,Heatwave,Isolated Heatwave (Moderate),Isolated Heatwave (Severe),2015,2017,2,40.52889458393591,45.208238563246255,1.252510519283168,13.084555999175969,16.693612197029772,2.1242260263439565,,,,0.6771548759594794,,,1.4766666666666666,0.0,,0.0,6.0,0.0,9.27,0.0,15.27,27.44433858475994,1,,0,,,recovery_unobserved,Heat-linked,25.695484005339758,High baseline HC,-0.6307396012858268,0.6307396012858268,,5,3,2,5,H_to_H,0,0,0,1.6094379124341003,16.0,-21.41244290017324,9.307,13.01704839586742,1.53125,9.166666666666742,-2.36998331018518,1.03975,-0.2345,
Wade_Reef,-21.98778611111112,South,2020,2020,2021.0,2022,2022,2026.0,1.0,1.0,H -> H,H_to_H,H_to_H,H_to_H,Heatwave,Heatwave,Isolated Heatwave (Moderate),Isolated Heatwave (Severe),2016,2018,2,24.879053642410938,24.18700187218367,0.9478893503234256,6.984299339923174,17.20740852275006,3.652451772939349,18.8237685019782,,,0.7192698950567337,2.9598672905137566,0.4758810094718581,0.26,0.1,52.047824694530384,0.0,6.41,0.0,12.45,0.0,18.86,17.894754302487762,1,11.839469162055027,1,0.6616167487926382,1.0,recovered,Heat-linked,25.695484005339758,Low baseline HC,-0.2885679418357556,0.2885679418357556,,4,2,2,5,H_to_H,0,0,0,0.6931471805599453,1.0,-21.41244290017324,12.897,-2.6327925456575514,-1.46875,9.166666666666742,-2.6396166435185293,-0.17691666666666667,-0.13449999999999998,9.37911212644223
Wreck_Island,-23.33258333333333,South,2020,2020,2024.0,2026,2026,,4.0,4.0,H -> H,H_to_H,H_to_H,H_to_H,Heatwave,Heatwave,Isolated Heatwave (Moderate),Isolated Heatwave (Severe),2015,2017,2,55.746380875514745,36.288530391934046,4.035229813838718,14.374392023162123,,,,,,0.742146632706775,,,0.0,0.0,,0.0,6.48,0.0,11.64,0.0,18.12,41.37198885235262,1,,0,,,recovery_unobserved,Heat-linked,25.695484005339758,High baseline HC,,,,5,3,2,5,H_to_H,0,0,0,1.6094379124341003,16.0,-21.41244290017324,12.157000000000002,28.234534687446256,1.53125,9.166666666666742,-3.9844138657407377,-0.4369166666666667,-0.2345,
Yonge_Reef,-14.595263888888889,North-Central,2014,2014,2015.0,2017,2017,2021.0,1.0,1.0,S -> S,S_to_S,S_to_S,S_to_S,Storm,Storm,Isolated Storm,Isolated Storm,2009,2011,2,37.42305695149513,23.51383625349463,1.8767672726069449,7.237340921996596,12.424416097692898,5.172566759946124,20.958403647046804,15.170672757201428,5.101218301497849,0.8066074363893607,3.430265681262552,0.3666472982908475,0.0,0.0,,41.000868,0.29,29.117304,1.37,70.118172,1.66,30.18571602949853,1,13.721062725050208,1,0.4545548202878974,0.0,failed,Storm-linked,25.695484005339758,High baseline HC,-0.47161254489699106,0.47161254489699106,0.11679322037893247,5,3,2,5,S_to_S,0,0,0,0.6931471805599453,1.0,48.70572909982676,-4.302999999999999,9.911210763426638,-1.46875,3.1666666666667425,4.752905578703702,-0.4369166666666667,-0.2345,
